[{"model": "contenttypes.contenttype", "pk": 1, "fields": {"app_label": "admin", "model": "logentry"}}, {"model": "contenttypes.contenttype", "pk": 2, "fields": {"app_label": "auth", "model": "permission"}}, {"model": "contenttypes.contenttype", "pk": 3, "fields": {"app_label": "auth", "model": "group"}}, {"model": "contenttypes.contenttype", "pk": 4, "fields": {"app_label": "contenttypes", "model": "contenttype"}}, {"model": "contenttypes.contenttype", "pk": 5, "fields": {"app_label": "sessions", "model": "session"}}, {"model": "contenttypes.contenttype", "pk": 6, "fields": {"app_label": "users", "model": "user"}}, {"model": "contenttypes.contenttype", "pk": 7, "fields": {"app_label": "accounts", "model": "profile"}}, {"model": "contenttypes.contenttype", "pk": 8, "fields": {"app_label": "courses", "model": "courses"}}, {"model": "contenttypes.contenttype", "pk": 9, "fields": {"app_label": "accounts", "model": "social"}}, {"model": "contenttypes.contenttype", "pk": 10, "fields": {"app_label": "courses", "model": "comments"}}, {"model": "sessions.session", "pk": "0wej1h6byrqz3cuhi7r3erqkzs3egizs", "fields": {"session_data": "OGY1ZWQ2ZThkNjljNWRiYjMxNmEwN2Y4YjFiMDE5M2Q4NTZmMmNlYTp7fQ==", "expire_date": "2020-03-01T13:01:28.370Z"}}, {"model": "sessions.session", "pk": "1wz102imfniwdxhsl1znf1iocco4th5s", "fields": {"session_data": "OGY1ZWQ2ZThkNjljNWRiYjMxNmEwN2Y4YjFiMDE5M2Q4NTZmMmNlYTp7fQ==", "expire_date": "2020-03-01T13:01:57.191Z"}}, {"model": "sessions.session", "pk": "1xygjxatp96w9s8litc16z6816y1ypgi", "fields": {"session_data": "YjJjYjg4YzVmMjk0MTM4MjZjM2YyZDQ0ZDQ1NDkxZjA2YjMzMzBiNjp7Il9hdXRoX3VzZXJfaWQiOiIxIiwiX2F1dGhfdXNlcl9iYWNrZW5kIjoiZGphbmdvLmNvbnRyaWIuYXV0aC5iYWNrZW5kcy5Nb2RlbEJhY2tlbmQiLCJfYXV0aF91c2VyX2hhc2giOiI1N2E1YjQ3NWFiNzQwMDcyZDE4OGFjYmI3Zjc2MjI4OTViNjJiYzM3In0=", "expire_date": "2020-03-05T00:37:22.035Z"}}, {"model": "sessions.session", "pk": "5x6t2wdyz2ubgwfftxygd25lv79b91ni", "fields": {"session_data": "OTNkODY4ODQ3Y2RiZDBiYmY5NzQ2NzY1MWNjOTczYjAxNDYxOTcyYjp7Il9hdXRoX3VzZXJfaWQiOiIxIiwiX2F1dGhfdXNlcl9iYWNrZW5kIjoiZGphbmdvLmNvbnRyaWIuYXV0aC5iYWNrZW5kcy5Nb2RlbEJhY2tlbmQiLCJfYXV0aF91c2VyX2hhc2giOiJlYmE4NjA5YzIxMmMzMzIyZjJkYmEzNDYxMjkzMzE5MzdjYjEzODM0In0=", "expire_date": "2020-04-21T19:19:38.558Z"}}, {"model": "sessions.session", "pk": "91fw6fc5ynx3k7yh3fpwp1ig54nt0868", "fields": {"session_data": "ZDg0NGRiMmMzM2ZkY2U4ZTVlMmU5ZWE3M2VmY2YwN2E5YmE4NDVmZDp7Il9hdXRoX3VzZXJfaWQiOiIxIiwiX2F1dGhfdXNlcl9iYWNrZW5kIjoiZGphbmdvLmNvbnRyaWIuYXV0aC5iYWNrZW5kcy5Nb2RlbEJhY2tlbmQiLCJfYXV0aF91c2VyX2hhc2giOiJhYTllNTkxOTIyNzg1MDdkNWYzMTZlZGUyNzUwZTI2NDFkYTI4NjA4In0=", "expire_date": "2020-03-03T20:16:22.143Z"}}, {"model": "sessions.session", "pk": "9w1gcpm7ky07za64b6zp2at2iax3tzy4", "fields": {"session_data": "ZDg0NGRiMmMzM2ZkY2U4ZTVlMmU5ZWE3M2VmY2YwN2E5YmE4NDVmZDp7Il9hdXRoX3VzZXJfaWQiOiIxIiwiX2F1dGhfdXNlcl9iYWNrZW5kIjoiZGphbmdvLmNvbnRyaWIuYXV0aC5iYWNrZW5kcy5Nb2RlbEJhY2tlbmQiLCJfYXV0aF91c2VyX2hhc2giOiJhYTllNTkxOTIyNzg1MDdkNWYzMTZlZGUyNzUwZTI2NDFkYTI4NjA4In0=", "expire_date": "2020-03-03T19:40:25.242Z"}}, {"model": "sessions.session", "pk": "c4dmg14qtetcw5p9w52za2pelxfoyin3", "fields": {"session_data": "YjJjYjg4YzVmMjk0MTM4MjZjM2YyZDQ0ZDQ1NDkxZjA2YjMzMzBiNjp7Il9hdXRoX3VzZXJfaWQiOiIxIiwiX2F1dGhfdXNlcl9iYWNrZW5kIjoiZGphbmdvLmNvbnRyaWIuYXV0aC5iYWNrZW5kcy5Nb2RlbEJhY2tlbmQiLCJfYXV0aF91c2VyX2hhc2giOiI1N2E1YjQ3NWFiNzQwMDcyZDE4OGFjYmI3Zjc2MjI4OTViNjJiYzM3In0=", "expire_date": "2020-03-08T22:54:53.726Z"}}, {"model": "sessions.session", "pk": "ctjgc30zmtt7eaup8rwng6dtgeh9vouk", "fields": {"session_data": "OTNkODY4ODQ3Y2RiZDBiYmY5NzQ2NzY1MWNjOTczYjAxNDYxOTcyYjp7Il9hdXRoX3VzZXJfaWQiOiIxIiwiX2F1dGhfdXNlcl9iYWNrZW5kIjoiZGphbmdvLmNvbnRyaWIuYXV0aC5iYWNrZW5kcy5Nb2RlbEJhY2tlbmQiLCJfYXV0aF91c2VyX2hhc2giOiJlYmE4NjA5YzIxMmMzMzIyZjJkYmEzNDYxMjkzMzE5MzdjYjEzODM0In0=", "expire_date": "2020-04-22T08:39:49.575Z"}}, {"model": "sessions.session", "pk": "cwfibt117zu0qrijprwxc5d0mkvkvrs5", "fields": {"session_data": "ZDg0NGRiMmMzM2ZkY2U4ZTVlMmU5ZWE3M2VmY2YwN2E5YmE4NDVmZDp7Il9hdXRoX3VzZXJfaWQiOiIxIiwiX2F1dGhfdXNlcl9iYWNrZW5kIjoiZGphbmdvLmNvbnRyaWIuYXV0aC5iYWNrZW5kcy5Nb2RlbEJhY2tlbmQiLCJfYXV0aF91c2VyX2hhc2giOiJhYTllNTkxOTIyNzg1MDdkNWYzMTZlZGUyNzUwZTI2NDFkYTI4NjA4In0=", "expire_date": "2020-03-04T08:03:33.392Z"}}, {"model": "sessions.session", "pk": "doc48cl61s3dxk3fgs827wufb96564ip", "fields": {"session_data": "OGY1ZWQ2ZThkNjljNWRiYjMxNmEwN2Y4YjFiMDE5M2Q4NTZmMmNlYTp7fQ==", "expire_date": "2020-03-01T13:00:07.125Z"}}, {"model": "sessions.session", "pk": "dwhvghnyty5y8pgda0op2731zh1po318", "fields": {"session_data": "YjJjYjg4YzVmMjk0MTM4MjZjM2YyZDQ0ZDQ1NDkxZjA2YjMzMzBiNjp7Il9hdXRoX3VzZXJfaWQiOiIxIiwiX2F1dGhfdXNlcl9iYWNrZW5kIjoiZGphbmdvLmNvbnRyaWIuYXV0aC5iYWNrZW5kcy5Nb2RlbEJhY2tlbmQiLCJfYXV0aF91c2VyX2hhc2giOiI1N2E1YjQ3NWFiNzQwMDcyZDE4OGFjYmI3Zjc2MjI4OTViNjJiYzM3In0=", "expire_date": "2020-03-05T01:41:43.366Z"}}, {"model": "sessions.session", "pk": "g3op3qt2zhsivjbp92txgnoaxu5gp7ya", "fields": {"session_data": "Mjc4MzcyZDhlYzY3MWM3MDFmODc4NTNmOTU4MjcyODYxMTFjOGQ5YTp7Il9hdXRoX3VzZXJfaWQiOiIxIiwiX2F1dGhfdXNlcl9iYWNrZW5kIjoiZGphbmdvLmNvbnRyaWIuYXV0aC5iYWNrZW5kcy5Nb2RlbEJhY2tlbmQiLCJfYXV0aF91c2VyX2hhc2giOiIyYzYwZGE0MWM0ZDA5OWI4MGE0NDQ3OWZiNzQzYTY0YjZlNjM3NDJlIn0=", "expire_date": "2020-03-04T21:19:48.298Z"}}, {"model": "sessions.session", "pk": "gfhw89jydlony8jcvkhn8xhvj04o8sog", "fields": {"session_data": "NWY0YTYwZWI2NzJmMmJmNjVlYjJhMTRjYzkyMjgxMDA0NTlmZTQ5Yzp7Il9hdXRoX3VzZXJfaWQiOiIyNCIsIl9hdXRoX3VzZXJfYmFja2VuZCI6ImRqYW5nby5jb250cmliLmF1dGguYmFja2VuZHMuTW9kZWxCYWNrZW5kIiwiX2F1dGhfdXNlcl9oYXNoIjoiN2FiZTMwNzVhYTVjNmY2YzNlN2Q3ZTJlZDcyZmE1NWU3YTAzZmVmZSJ9", "expire_date": "2020-03-04T12:32:17.076Z"}}, {"model": "sessions.session", "pk": "gxbff5fvv99lf4ixossqxih7y2bxjmag", "fields": {"session_data": "YjJjYjg4YzVmMjk0MTM4MjZjM2YyZDQ0ZDQ1NDkxZjA2YjMzMzBiNjp7Il9hdXRoX3VzZXJfaWQiOiIxIiwiX2F1dGhfdXNlcl9iYWNrZW5kIjoiZGphbmdvLmNvbnRyaWIuYXV0aC5iYWNrZW5kcy5Nb2RlbEJhY2tlbmQiLCJfYXV0aF91c2VyX2hhc2giOiI1N2E1YjQ3NWFiNzQwMDcyZDE4OGFjYmI3Zjc2MjI4OTViNjJiYzM3In0=", "expire_date": "2020-04-18T10:27:37.541Z"}}, {"model": "sessions.session", "pk": "huws86kk657r1tw1uw8saqxtjmq71m3u", "fields": {"session_data": "ZDg0NGRiMmMzM2ZkY2U4ZTVlMmU5ZWE3M2VmY2YwN2E5YmE4NDVmZDp7Il9hdXRoX3VzZXJfaWQiOiIxIiwiX2F1dGhfdXNlcl9iYWNrZW5kIjoiZGphbmdvLmNvbnRyaWIuYXV0aC5iYWNrZW5kcy5Nb2RlbEJhY2tlbmQiLCJfYXV0aF91c2VyX2hhc2giOiJhYTllNTkxOTIyNzg1MDdkNWYzMTZlZGUyNzUwZTI2NDFkYTI4NjA4In0=", "expire_date": "2020-03-03T15:39:42.587Z"}}, {"model": "sessions.session", "pk": "j91rgudyunncgmudppfm9rtlh00u35kb", "fields": {"session_data": "OGY1ZWQ2ZThkNjljNWRiYjMxNmEwN2Y4YjFiMDE5M2Q4NTZmMmNlYTp7fQ==", "expire_date": "2020-03-06T21:23:21.425Z"}}, {"model": "sessions.session", "pk": "l4n1iy2dmqhs6s7a2sqcijrcvbiw6ujb", "fields": {"session_data": "YjJjYjg4YzVmMjk0MTM4MjZjM2YyZDQ0ZDQ1NDkxZjA2YjMzMzBiNjp7Il9hdXRoX3VzZXJfaWQiOiIxIiwiX2F1dGhfdXNlcl9iYWNrZW5kIjoiZGphbmdvLmNvbnRyaWIuYXV0aC5iYWNrZW5kcy5Nb2RlbEJhY2tlbmQiLCJfYXV0aF91c2VyX2hhc2giOiI1N2E1YjQ3NWFiNzQwMDcyZDE4OGFjYmI3Zjc2MjI4OTViNjJiYzM3In0=", "expire_date": "2020-03-12T08:57:59.474Z"}}, {"model": "sessions.session", "pk": "lf2ud08tc5mn52rrjijk8tzej5051vgb", "fields": {"session_data": "ZDg0NGRiMmMzM2ZkY2U4ZTVlMmU5ZWE3M2VmY2YwN2E5YmE4NDVmZDp7Il9hdXRoX3VzZXJfaWQiOiIxIiwiX2F1dGhfdXNlcl9iYWNrZW5kIjoiZGphbmdvLmNvbnRyaWIuYXV0aC5iYWNrZW5kcy5Nb2RlbEJhY2tlbmQiLCJfYXV0aF91c2VyX2hhc2giOiJhYTllNTkxOTIyNzg1MDdkNWYzMTZlZGUyNzUwZTI2NDFkYTI4NjA4In0=", "expire_date": "2020-03-04T09:32:47.458Z"}}, {"model": "sessions.session", "pk": "lwh80ztsfomgpbog7e9ogpndjip3lbrl", "fields": {"session_data": "YjJjYjg4YzVmMjk0MTM4MjZjM2YyZDQ0ZDQ1NDkxZjA2YjMzMzBiNjp7Il9hdXRoX3VzZXJfaWQiOiIxIiwiX2F1dGhfdXNlcl9iYWNrZW5kIjoiZGphbmdvLmNvbnRyaWIuYXV0aC5iYWNrZW5kcy5Nb2RlbEJhY2tlbmQiLCJfYXV0aF91c2VyX2hhc2giOiI1N2E1YjQ3NWFiNzQwMDcyZDE4OGFjYmI3Zjc2MjI4OTViNjJiYzM3In0=", "expire_date": "2020-03-06T12:43:57.030Z"}}, {"model": "sessions.session", "pk": "mbeu7jhefwxnmbufr0c7za619wypipeb", "fields": {"session_data": "YjJjYjg4YzVmMjk0MTM4MjZjM2YyZDQ0ZDQ1NDkxZjA2YjMzMzBiNjp7Il9hdXRoX3VzZXJfaWQiOiIxIiwiX2F1dGhfdXNlcl9iYWNrZW5kIjoiZGphbmdvLmNvbnRyaWIuYXV0aC5iYWNrZW5kcy5Nb2RlbEJhY2tlbmQiLCJfYXV0aF91c2VyX2hhc2giOiI1N2E1YjQ3NWFiNzQwMDcyZDE4OGFjYmI3Zjc2MjI4OTViNjJiYzM3In0=", "expire_date": "2020-04-04T10:47:02.325Z"}}, {"model": "sessions.session", "pk": "pbhei2kynfsb38y37mqvfqni1cd67png", "fields": {"session_data": "YjJjYjg4YzVmMjk0MTM4MjZjM2YyZDQ0ZDQ1NDkxZjA2YjMzMzBiNjp7Il9hdXRoX3VzZXJfaWQiOiIxIiwiX2F1dGhfdXNlcl9iYWNrZW5kIjoiZGphbmdvLmNvbnRyaWIuYXV0aC5iYWNrZW5kcy5Nb2RlbEJhY2tlbmQiLCJfYXV0aF91c2VyX2hhc2giOiI1N2E1YjQ3NWFiNzQwMDcyZDE4OGFjYmI3Zjc2MjI4OTViNjJiYzM3In0=", "expire_date": "2020-04-01T15:52:37.278Z"}}, {"model": "sessions.session", "pk": "pur5jbkb3bt39176w4arlr0839vo0me1", "fields": {"session_data": "NDkzZTlhNDZjMmI5ZmMxZDUyMjQ3ODVjMWY0NzdkNGZhNDllOWRjYTp7Il9hdXRoX3VzZXJfaWQiOiIxOCIsIl9hdXRoX3VzZXJfYmFja2VuZCI6ImRqYW5nby5jb250cmliLmF1dGguYmFja2VuZHMuTW9kZWxCYWNrZW5kIiwiX2F1dGhfdXNlcl9oYXNoIjoiMzBmOGVmNjhmYTI5YTE1MTdhMzkxMGE3YWI3MWNmYzY3YTcyNWRmZSJ9", "expire_date": "2020-03-23T17:24:45.626Z"}}, {"model": "sessions.session", "pk": "sgl69mm551crgrfgefduf3mawh59rm2i", "fields": {"session_data": "ZDg0NGRiMmMzM2ZkY2U4ZTVlMmU5ZWE3M2VmY2YwN2E5YmE4NDVmZDp7Il9hdXRoX3VzZXJfaWQiOiIxIiwiX2F1dGhfdXNlcl9iYWNrZW5kIjoiZGphbmdvLmNvbnRyaWIuYXV0aC5iYWNrZW5kcy5Nb2RlbEJhY2tlbmQiLCJfYXV0aF91c2VyX2hhc2giOiJhYTllNTkxOTIyNzg1MDdkNWYzMTZlZGUyNzUwZTI2NDFkYTI4NjA4In0=", "expire_date": "2020-03-04T16:37:30.813Z"}}, {"model": "sessions.session", "pk": "wj8q67jl74j4zjyv58zmsbainbg8buyg", "fields": {"session_data": "YjJjYjg4YzVmMjk0MTM4MjZjM2YyZDQ0ZDQ1NDkxZjA2YjMzMzBiNjp7Il9hdXRoX3VzZXJfaWQiOiIxIiwiX2F1dGhfdXNlcl9iYWNrZW5kIjoiZGphbmdvLmNvbnRyaWIuYXV0aC5iYWNrZW5kcy5Nb2RlbEJhY2tlbmQiLCJfYXV0aF91c2VyX2hhc2giOiI1N2E1YjQ3NWFiNzQwMDcyZDE4OGFjYmI3Zjc2MjI4OTViNjJiYzM3In0=", "expire_date": "2020-03-14T16:03:11.663Z"}}, {"model": "sessions.session", "pk": "wpst6jzeruo7mvldtplf7gupuhohsyd5", "fields": {"session_data": "YjJjYjg4YzVmMjk0MTM4MjZjM2YyZDQ0ZDQ1NDkxZjA2YjMzMzBiNjp7Il9hdXRoX3VzZXJfaWQiOiIxIiwiX2F1dGhfdXNlcl9iYWNrZW5kIjoiZGphbmdvLmNvbnRyaWIuYXV0aC5iYWNrZW5kcy5Nb2RlbEJhY2tlbmQiLCJfYXV0aF91c2VyX2hhc2giOiI1N2E1YjQ3NWFiNzQwMDcyZDE4OGFjYmI3Zjc2MjI4OTViNjJiYzM3In0=", "expire_date": "2020-04-04T10:46:45.847Z"}}, {"model": "sessions.session", "pk": "x82w62vsvorgrw5utmhg0sd0qev2z01z", "fields": {"session_data": "ZDg0NGRiMmMzM2ZkY2U4ZTVlMmU5ZWE3M2VmY2YwN2E5YmE4NDVmZDp7Il9hdXRoX3VzZXJfaWQiOiIxIiwiX2F1dGhfdXNlcl9iYWNrZW5kIjoiZGphbmdvLmNvbnRyaWIuYXV0aC5iYWNrZW5kcy5Nb2RlbEJhY2tlbmQiLCJfYXV0aF91c2VyX2hhc2giOiJhYTllNTkxOTIyNzg1MDdkNWYzMTZlZGUyNzUwZTI2NDFkYTI4NjA4In0=", "expire_date": "2020-02-29T14:03:53.500Z"}}, {"model": "sessions.session", "pk": "xzclc9kxhhszw9jhjf082lp836zonr16", "fields": {"session_data": "YjJjYjg4YzVmMjk0MTM4MjZjM2YyZDQ0ZDQ1NDkxZjA2YjMzMzBiNjp7Il9hdXRoX3VzZXJfaWQiOiIxIiwiX2F1dGhfdXNlcl9iYWNrZW5kIjoiZGphbmdvLmNvbnRyaWIuYXV0aC5iYWNrZW5kcy5Nb2RlbEJhY2tlbmQiLCJfYXV0aF91c2VyX2hhc2giOiI1N2E1YjQ3NWFiNzQwMDcyZDE4OGFjYmI3Zjc2MjI4OTViNjJiYzM3In0=", "expire_date": "2020-04-18T10:44:10.720Z"}}, {"model": "sessions.session", "pk": "z7efsbpbhntdydvrzu78um3qh00sc2bv", "fields": {"session_data": "YjJjYjg4YzVmMjk0MTM4MjZjM2YyZDQ0ZDQ1NDkxZjA2YjMzMzBiNjp7Il9hdXRoX3VzZXJfaWQiOiIxIiwiX2F1dGhfdXNlcl9iYWNrZW5kIjoiZGphbmdvLmNvbnRyaWIuYXV0aC5iYWNrZW5kcy5Nb2RlbEJhY2tlbmQiLCJfYXV0aF91c2VyX2hhc2giOiI1N2E1YjQ3NWFiNzQwMDcyZDE4OGFjYmI3Zjc2MjI4OTViNjJiYzM3In0=", "expire_date": "2020-04-14T13:56:07.941Z"}}, {"model": "auth.permission", "pk": 1, "fields": {"name": "Can add log entry", "content_type": 1, "codename": "add_logentry"}}, {"model": "auth.permission", "pk": 2, "fields": {"name": "Can change log entry", "content_type": 1, "codename": "change_logentry"}}, {"model": "auth.permission", "pk": 3, "fields": {"name": "Can delete log entry", "content_type": 1, "codename": "delete_logentry"}}, {"model": "auth.permission", "pk": 4, "fields": {"name": "Can view log entry", "content_type": 1, "codename": "view_logentry"}}, {"model": "auth.permission", "pk": 5, "fields": {"name": "Can add permission", "content_type": 2, "codename": "add_permission"}}, {"model": "auth.permission", "pk": 6, "fields": {"name": "Can change permission", "content_type": 2, "codename": "change_permission"}}, {"model": "auth.permission", "pk": 7, "fields": {"name": "Can delete permission", "content_type": 2, "codename": "delete_permission"}}, {"model": "auth.permission", "pk": 8, "fields": {"name": "Can view permission", "content_type": 2, "codename": "view_permission"}}, {"model": "auth.permission", "pk": 9, "fields": {"name": "Can add group", "content_type": 3, "codename": "add_group"}}, {"model": "auth.permission", "pk": 10, "fields": {"name": "Can change group", "content_type": 3, "codename": "change_group"}}, {"model": "auth.permission", "pk": 11, "fields": {"name": "Can delete group", "content_type": 3, "codename": "delete_group"}}, {"model": "auth.permission", "pk": 12, "fields": {"name": "Can view group", "content_type": 3, "codename": "view_group"}}, {"model": "auth.permission", "pk": 13, "fields": {"name": "Can add content type", "content_type": 4, "codename": "add_contenttype"}}, {"model": "auth.permission", "pk": 14, "fields": {"name": "Can change content type", "content_type": 4, "codename": "change_contenttype"}}, {"model": "auth.permission", "pk": 15, "fields": {"name": "Can delete content type", "content_type": 4, "codename": "delete_contenttype"}}, {"model": "auth.permission", "pk": 16, "fields": {"name": "Can view content type", "content_type": 4, "codename": "view_contenttype"}}, {"model": "auth.permission", "pk": 17, "fields": {"name": "Can add session", "content_type": 5, "codename": "add_session"}}, {"model": "auth.permission", "pk": 18, "fields": {"name": "Can change session", "content_type": 5, "codename": "change_session"}}, {"model": "auth.permission", "pk": 19, "fields": {"name": "Can delete session", "content_type": 5, "codename": "delete_session"}}, {"model": "auth.permission", "pk": 20, "fields": {"name": "Can view session", "content_type": 5, "codename": "view_session"}}, {"model": "auth.permission", "pk": 21, "fields": {"name": "Can add user", "content_type": 6, "codename": "add_user"}}, {"model": "auth.permission", "pk": 22, "fields": {"name": "Can change user", "content_type": 6, "codename": "change_user"}}, {"model": "auth.permission", "pk": 23, "fields": {"name": "Can delete user", "content_type": 6, "codename": "delete_user"}}, {"model": "auth.permission", "pk": 24, "fields": {"name": "Can view user", "content_type": 6, "codename": "view_user"}}, {"model": "auth.permission", "pk": 25, "fields": {"name": "Can add profile", "content_type": 7, "codename": "add_profile"}}, {"model": "auth.permission", "pk": 26, "fields": {"name": "Can change profile", "content_type": 7, "codename": "change_profile"}}, {"model": "auth.permission", "pk": 27, "fields": {"name": "Can delete profile", "content_type": 7, "codename": "delete_profile"}}, {"model": "auth.permission", "pk": 28, "fields": {"name": "Can view profile", "content_type": 7, "codename": "view_profile"}}, {"model": "auth.permission", "pk": 29, "fields": {"name": "Can add courses", "content_type": 8, "codename": "add_courses"}}, {"model": "auth.permission", "pk": 30, "fields": {"name": "Can change courses", "content_type": 8, "codename": "change_courses"}}, {"model": "auth.permission", "pk": 31, "fields": {"name": "Can delete courses", "content_type": 8, "codename": "delete_courses"}}, {"model": "auth.permission", "pk": 32, "fields": {"name": "Can view courses", "content_type": 8, "codename": "view_courses"}}, {"model": "auth.permission", "pk": 33, "fields": {"name": "Can add social", "content_type": 9, "codename": "add_social"}}, {"model": "auth.permission", "pk": 34, "fields": {"name": "Can change social", "content_type": 9, "codename": "change_social"}}, {"model": "auth.permission", "pk": 35, "fields": {"name": "Can delete social", "content_type": 9, "codename": "delete_social"}}, {"model": "auth.permission", "pk": 36, "fields": {"name": "Can view social", "content_type": 9, "codename": "view_social"}}, {"model": "auth.permission", "pk": 37, "fields": {"name": "Can add comments", "content_type": 10, "codename": "add_comments"}}, {"model": "auth.permission", "pk": 38, "fields": {"name": "Can change comments", "content_type": 10, "codename": "change_comments"}}, {"model": "auth.permission", "pk": 39, "fields": {"name": "Can delete comments", "content_type": 10, "codename": "delete_comments"}}, {"model": "auth.permission", "pk": 40, "fields": {"name": "Can view comments", "content_type": 10, "codename": "view_comments"}}, {"model": "users.user", "pk": 1, "fields": {"password": "pbkdf2_sha256$180000$HJ7uCVnf9IN9$LdwRDM5hnT9EnPuFQ5xBUzUjUObSAjvx5OhC6xKOfrA=", "last_login": "2020-04-08T08:39:49.437Z", "is_superuser": true, "email": "youngtech412@gmail.com", "username": "youngbaykay", "first_name": "bekee", "last_name": "victor", "is_active": true, "is_staff": true, "date_joined": "2020-02-11T19:25:59.666Z", "groups": [], "user_permissions": []}}, {"model": "users.user", "pk": 17, "fields": {"password": "pbkdf2_sha256$180000$GvNMYOTC7Wa7$0D/oKeC01Ocm9s2pb7GmfbUeWMYvKJ2epwv9Hcgr49s=", "last_login": null, "is_superuser": false, "email": "baykay@gmail.com", "username": "Baykay412", "first_name": "baykay", "last_name": "young", "is_active": true, "is_staff": true, "date_joined": "2020-02-13T11:12:57.047Z", "groups": [], "user_permissions": []}}, {"model": "users.user", "pk": 18, "fields": {"password": "pbkdf2_sha256$180000$NTj68xC35wqM$B6y33hZJQh9IlW5glCrLfRsI5/LZ5Ah8g0g67HLiea4=", "last_login": "2020-03-09T17:24:45.561Z", "is_superuser": true, "email": "admin@gmail.com", "username": "admin01", "first_name": "Favour", "last_name": "Bekee", "is_active": true, "is_staff": true, "date_joined": "2020-02-14T12:02:42.168Z", "groups": [], "user_permissions": []}}, {"model": "users.user", "pk": 21, "fields": {"password": "pbkdf2_sha256$180000$H8G9qN3HnA0t$DjwgPQ/r8ABUHP4OsAIQFXFO8Vb20XxrWEnqrT8wUws=", "last_login": "2020-02-21T21:24:31.389Z", "is_superuser": false, "email": "youngbaykay@outlook.com", "username": "baykayyoung", "first_name": "baykay", "last_name": "young", "is_active": true, "is_staff": false, "date_joined": "2020-02-18T12:48:08.524Z", "groups": [], "user_permissions": []}}, {"model": "users.user", "pk": 22, "fields": {"password": "pbkdf2_sha256$180000$rVWhf0BiHidG$PKGDw8CpeppeIFWmoBmCaxxdzeNsRuADJ0Fcd2TsbzE=", "last_login": null, "is_superuser": false, "email": "baykay@baykay.com", "username": "baykay", "first_name": "bay", "last_name": "kay", "is_active": true, "is_staff": false, "date_joined": "2020-02-18T16:23:46.234Z", "groups": [], "user_permissions": []}}, {"model": "users.user", "pk": 23, "fields": {"password": "pbkdf2_sha256$180000$f8IyckVkWH3v$8eTADpwpAgcC/3pIwXAisFlb15bm1GaMr2Z1Y/3PMnU=", "last_login": "2020-04-07T17:39:48.523Z", "is_superuser": false, "email": "young@gmail.com", "username": "young01", "first_name": "john", "last_name": "doe", "is_active": true, "is_staff": false, "date_joined": "2020-02-18T16:28:14.671Z", "groups": [], "user_permissions": []}}, {"model": "users.user", "pk": 24, "fields": {"password": "pbkdf2_sha256$180000$15bThbFTiNEA$Hw0C85C7n3WIVA0ZxbgPD/qzsPwp3WgbS5d4nYPmHik=", "last_login": "2020-02-19T12:32:16.985Z", "is_superuser": false, "email": "i4de5pz@jmail7.com", "username": "i4de5pz", "first_name": "i4de5pz", "last_name": "jmail7", "is_active": true, "is_staff": false, "date_joined": "2020-02-19T12:25:28.842Z", "groups": [], "user_permissions": []}}, {"model": "accounts.profile", "pk": 1, "fields": {"user": 1, "avatar": "users_avatar/Image00012_7dhJHLv.png", "bio": "young baykay... dolor sit amet, consectetur adipisicing elit. A asperiores beatae deserunt fuga ipsa libero, magnam nam sit veritatis voluptatem. Dolorem est in odio saepe. Aliquid amet beatae commodi", "profession": "django developer", "country": "Nigeria", "city": "abuja"}}, {"model": "accounts.profile", "pk": 17, "fields": {"user": 17, "avatar": "users_avatar/person_2.png", "bio": "", "profession": "", "country": "", "city": ""}}, {"model": "accounts.profile", "pk": 18, "fields": {"user": 18, "avatar": "users_avatar/person_1.png", "bio": "Hi, i am jhon kates, i am 32 years old and worked as a web developer in microsoft.", "profession": "Architect", "country": "Nigeria", "city": "abuja"}}, {"model": "accounts.profile", "pk": 21, "fields": {"user": 21, "avatar": "users_avatar/person_3.png", "bio": "hi am baykay young Lorem ipsum dolor sit amet, consectetur adipisicing elit. A asperiores beatae deserunt fuga ipsa libero, magnam nam sit veritatis voluptatem. Dolorem est in odio saepe. Aliquid amet", "profession": "Web Developer", "country": "Greece", "city": "bali"}}, {"model": "accounts.profile", "pk": 22, "fields": {"user": 22, "avatar": "users_avatar/person_4.png", "bio": "", "profession": "", "country": "", "city": ""}}, {"model": "accounts.profile", "pk": 23, "fields": {"user": 23, "avatar": "users_avatar/juan-encalada-WC7KIHo13Fc-unsplash.png", "bio": "Lorem ipsum dolor sit amet, consectetur adipisicing elit. A asperiores beatae deserunt fuga ipsa libero, magnam nam sit veritatis voluptatem. Dolorem est in odio saepe. Aliquid amet beatae commodi con", "profession": "Web Designer", "country": "Italy", "city": "indian"}}, {"model": "accounts.profile", "pk": 24, "fields": {"user": 24, "avatar": "users_avatar/angello-lopez-mVs7aNwfrO4-unsplash.png", "bio": "", "profession": "", "country": "", "city": ""}}, {"model": "courses.courses", "pk": 1, "fields": {"author": 1, "cover": "courses_featured_image/programunity-20200317-0002.png", "slug": "new-product", "title": "tech review revolution", "body": "{% load static %}\r\n<!DOCTYPE html>\r\n<html lang=\"en\">\r\n\r\n<head>\r\n    <meta http-equiv=\"Content-Type\" content=\"text/html; charset=utf-8\" />\r\n    <meta name=\"viewport\" content=\"width=device-width, initial-scale=1.0\">\r\n    <meta name=\"description\" content=\"\" />\r\n    <meta name=\"keywords\" content=\"\" />\r\n    <title>Winku Social Network Toolkit</title>\r\n    <link rel=\"icon\" href=\"{% static 'images/fav.png' %}\" type=\"image/png\" sizes=\"16x16\">\r\n    <link rel=\"stylesheet\" href=\"{% static 'css/main.min.css' %}\">\r\n    <link rel=\"stylesheet\" href=\"{% static 'css/style.css' %}\">\r\n    <link rel=\"stylesheet\" href=\"{% static 'css/color.css' %}\">\r\n    <link rel=\"stylesheet\" href=\"{% static 'css/responsive.css' %}\">\r\n</head>\r\n\r\n<body>\r\n    <!--<div class=\"se-pre-con\"></div>-->\r\n    <div class=\"theme-layout\">\r\n        <div class=\"topbar stick\">\r\n            <div class=\"logo\">\r\n                <a title=\"\" href=\"newsfeed.html\"><img src=\"{% static 'images/logo.png' %}\" alt=\"\"></a>\r\n            </div>\r\n            <div class=\"top-area\">\r\n                <ul class=\"main-menu\">\r\n                    <li>\r\n                        <a href=\"#\" title=\"\">Home</a>\r\n                        <ul>\r\n                            <li><a href=\"index-2.html\" title=\"\">Home Social</a></li>\r\n                        </ul>\r\n                    </li>\r\n                    <li>\r\n                        <a href=\"#\" title=\"\">timeline</a>\r\n                        <ul>\r\n                            <li><a href=\"time-line.html\" title=\"\">timeline</a></li>\r\n                            <li><a href=\"timeline-friends.html\" title=\"\">timeline friends</a></li>\r\n                        </ul>\r\n                    </li>\r\n                    <li>\r\n                        <a href=\"#\" title=\"\">account settings</a>\r\n                        <ul>\r\n                            <li><a href=\"create_fav_page.html\" title=\"\">create fav page</a></li>\r\n                        </ul>\r\n                    </li>\r\n                    <li>\r\n                        <a href=\"#\" title=\"\">more pages</a>\r\n                        <ul>\r\n                            <li><a href=\"404.html\" title=\"\">404 error page</a></li>\r\n                        </ul>\r\n                    </li>\r\n                </ul>\r\n                <div class=\"user-img\">\r\n                    <img src=\"{% static 'images/resources/admin.jpg' %}\" alt=\"\">\r\n                    <span class=\"status f-online\"></span>\r\n                    <div class=\"user-setting\">\r\n                        <a href=\"#\" title=\"\"><span class=\"status f-online\"></span>online</a>\r\n                        <a href=\"#\" title=\"\"><span class=\"status f-away\"></span>away</a>\r\n                        <a href=\"#\" title=\"\"><span class=\"status f-off\"></span>offline</a>\r\n                        <a href=\"#\" title=\"\"><i class=\"ti-user\"></i> view profile</a>\r\n                        <a href=\"#\" title=\"\"><i class=\"ti-pencil-alt\"></i>edit profile</a>\r\n                        <a href=\"#\" title=\"\"><i class=\"ti-target\"></i>activity log</a>\r\n                        <a href=\"#\" title=\"\"><i class=\"ti-settings\"></i>account setting</a>\r\n                        <a href=\"{% url 'logout' %}\" title=\"\"><i class=\"ti-power-off\"></i>log out</a>\r\n                    </div>\r\n                </div>\r\n                <ul class=\"setting-area ml-3\">\r\n                    <li>\r\n                        <a href=\"#\" title=\"Home\" data-ripple=\"\"><i class=\"ti-search\"></i></a>\r\n                        <div class=\"searched\">\r\n                            <form method=\"post\" class=\"form-search\">\r\n                                <input type=\"text\" placeholder=\"Search here\">\r\n                                <button data-ripple><i class=\"ti-search\"></i></button>\r\n                            </form>\r\n                        </div>\r\n                    </li>\r\n                    <li><a href=\"newsfeed.html\" title=\"Home\" data-ripple=\"\"><i class=\"ti-home\"></i></a></li>\r\n                    <li>\r\n                        <a href=\"#\" title=\"Notification\" data-ripple=\"\">\r\n                            <i class=\"ti-bell\"></i><span>20</span>\r\n                        </a>\r\n                        <div class=\"dropdowns\">\r\n                            <span>4 New Notifications</span>\r\n                            <ul class=\"drops-menu\">\r\n                                <li>\r\n                                    <a href=\"notifications.html\" title=\"\">\r\n                                        <img src=\"images/resources/thumb-5.jpg\" alt=\"\">\r\n                                        <div class=\"mesg-meta\">\r\n                                            <h6>Amy</h6>\r\n                                            <span>Hi, how r u dear ...?</span>\r\n                                            <i>2 min ago</i>\r\n                                        </div>\r\n                                    </a>\r\n                                    <span class=\"tag\">New</span>\r\n                                </li>\r\n                            </ul>\r\n                            <a href=\"notifications.html\" title=\"\" class=\"more-mesg\">view more</a>\r\n                        </div>\r\n                    </li>\r\n                    <li>\r\n                        <a href=\"#\" title=\"Messages\" data-ripple=\"\"><i class=\"ti-comment\"></i><span>12</span></a>\r\n                        <div class=\"dropdowns\">\r\n                            <span>5 New Messages</span>\r\n                            <ul class=\"drops-menu\">\r\n                                <li>\r\n                                    <a href=\"notifications.html\" title=\"\">\r\n                                        <img src=\"images/resources/thumb-1.jpg\" alt=\"\">\r\n                                        <div class=\"mesg-meta\">\r\n                                            <h6>sarah Loren</h6>\r\n                                            <span>Hi, how r u dear ...?</span>\r\n                                            <i>2 min ago</i>\r\n                                        </div>\r\n                                    </a>\r\n                                    <span class=\"tag green\">New</span>\r\n                                </li>\r\n                            </ul>\r\n                            <a href=\"messages.html\" title=\"\" class=\"more-mesg\">view more</a>\r\n                        </div>\r\n                    </li>\r\n                </ul>\r\n            </div>\r\n        </div><!-- topbar -->", "summary": "World's most beautiful car in Curabitur #test drive booking ! the most beatuiful car available in america and the saudia arabia, you can book your test drive by our official website", "published": "2020-02-13T22:04:48Z", "last_updated": "2020-04-07T09:49:26.081Z"}}, {"model": "courses.courses", "pk": 2, "fields": {"author": 17, "cover": "courses_featured_image/Canva_-_New_York_City_81mC7Wv.jpg", "slug": "new-product-new", "title": "How can I fix network issue in Ubuntu 18.0.4", "body": "World's most beautiful car in Curabitur #test drive booking ! the most beatuiful car available in america and the saudia arabia, you can book your test drive by our official website World's most beautiful car in Curabitur #test drive booking ! the most beatuiful car available in america and the saudia arabia, you can book your test drive by our official website World's most beautiful car in Curabitur #test drive booking ! the most beatuiful car available in america and the saudia arabia, you can book your test drive by our official website World's most beautiful car in Curabitur #test drive booking ! the most \r\n\r\nbeatuiful car available in america and the saudia arabia, you can book your test drive by our official website World's most beautiful car in Curabitur #test drive booking ! the most beatuiful car available in america and the saudia arabia, you can book your test drive by our official website World's most beautiful car in Curabitur #test drive booking ! the most beatuiful car available in america and the saudia arabia, you can book your test drive by our official website World's most beautiful car in Curabitur #test drive booking ! the most beatuiful car available in america and the saudia arabia, you can book your test drive by our official website", "summary": "World's most beautiful car in Curabitur #test drive booking ! the most beatuiful car available in america and the saudia arabia, you can book your test drive by our official website", "published": "2020-02-14T01:15:08Z", "last_updated": "2020-02-14T12:11:06.536Z"}}, {"model": "courses.courses", "pk": 3, "fields": {"author": 18, "cover": "courses_featured_image/Screenshot_from_2020-02-14_12-11-12.png", "slug": "admins-course", "title": "latest infinix phone", "body": "World's most beautiful car in Curabitur <aWorld's most beautiful car in Curabitur <aWorld's most beautiful car in Curabitur <aWorld's most beautiful car in Curabitur <aWorld's most beautiful car in Curabitur <aWorld's most beautiful car in Curabitur <aWorld's most beautiful car in Curabitur <aWorld's most beautiful car in Curabitur <aWorld's most beautiful car in Curabitur <aWorld's most beautiful car in Curabitur <aWorld's most beautiful car in Curabitur <aWorld's most beautiful car in Curabitur <aWorld's most beautiful car in Curabitur <aWorld's most beautiful car in Curabitur <aWorld's most beautiful car in Curabitur <aWorld's most beautiful car in Curabitur <aWorld's most beautiful car in Curabitur <aWorld's most beautiful car in Curabitur <a", "summary": "World's most beautiful car in Curabitur <aWorld's most beautiful car in Curabitur <aWorld's most beautiful car in Curabitur <aWorld's most beautiful car in Curabitur <aWorld's most beautiful car in Cu", "published": "2020-02-14T12:11:25Z", "last_updated": "2020-02-14T12:12:31.894Z"}}, {"model": "courses.courses", "pk": 4, "fields": {"author": 1, "cover": "courses_featured_image/write-for-us-photo.jpg", "slug": "new-product-new412", "title": "How can I fix network issue in Ubuntu 18.0.4", "body": "ipsum dolor sit amet, consectetur adipisicing elit. Architecto error porro ullam. Aliquid animi facere itaque officiis sapiente similique soluta tenetur? Accusantium aliquam at atque corporis cum cupiditate debitis delectus distinctio eaque eius est facere fuga fugit illum modi nam nemo nisi nulla possimus provident quae quam quas quasi, quia repellat reprehenderit sed sequi soluta vitae voluptatem! Asperiores atque beatae distinctio enim libero necessitatibus quia reiciendis rem repellat! Accusamus culpa cupiditate est hic iure magnam minima nam natus nihil placeat quia quis rem, ullam. Adipisci alias aut autem consequatur cum cumque cupiditate, eligendi enim facilis harum inventore ipsum iure iusto libero maiores maxime minima minus molestias necessitatibus nesciunt officia officiis pariatur placeat porro provident qui quidem quis reprehenderit saepe sapiente sit tempora totam vel! Accusantium, consectetur ea earum excepturi fugiat in iusto magnam magni minima neque non nulla officia pariatur possimus quia quibusdam quos sapiente suscipit vitae voluptate! Accusamus adipisci magni nihil odit possimus? Accusantium ad alias, corporis culpa cum delectus deserunt dolore est fuga id impedit incidunt ipsa maxime nostrum numquam optio quae quidem quos ullam voluptas voluptate voluptates voluptatibus! Accusamus consectetur consequatur consequuntur cum, doloremque doloribus, excepturi explicabo ipsa iste iusto maxime natus nulla numquam officia optio quaerat quidem, quo rerum saepe tempora vero vitae voluptate voluptatibus. A aperiam incidunt, labore maxime minima modi molestias numquam odio praesentium quasi reprehenderit sequi sint sunt tempore totam. Accusantium aliquam architecto debitis dicta doloremque dolorum enim, eum eveniet hic, id ipsa ipsam iste iure perspiciatis placeat provident quae quo quos recusandae reiciendis soluta tempora tenetur voluptate! Ab amet distinctio et fugit iste maxime modi nemo, nisi quae qui quo vitae? Ab aliquid amet beatae consequuntur, ea excepturi illo incidunt quasi qui quis repellendus reprehenderit sit unde vero voluptatum? Animi aperiam cum dignissimos eos maiores nihil porro quae quidem similique totam, voluptatum!", "summary": "dolor sit amet, consectetur adipisicing elit. Architecto error porro ullam. Aliquid animi facere itaque officiis sapiente similique soluta tenetur? Accusantium aliquam at atque corporis cu", "published": "2020-02-15T00:45:16Z", "last_updated": "2020-02-15T00:58:11.305Z"}}, {"model": "courses.courses", "pk": 5, "fields": {"author": 17, "cover": "courses_featured_image/william-iven-jrh5lAq-mIs-unsplash.jpg", "slug": "beginners-guild-django-web-development", "title": "beginners guild to django web development", "body": "Lorem ipsum dolor sit amet, consectetur adipisicing elit. Architecto error porro ullam. Aliquid animi facere itaque officiis sapiente similique soluta tenetur? Accusantium aliquam at atque corporis cum cupiditate debitis delectus distinctio eaque eius est facere fuga fugit illum modi nam nemo nisi nulla possimus provident quae quam quas quasi, quia repellat reprehenderit sed sequi soluta vitae voluptatem! Asperiores atque beatae distinctio enim libero necessitatibus quia reiciendis rem repellat! Accusamus culpa cupiditate est hic iure magnam minima nam natus nihil placeat quia quis rem, ullam. Adipisci alias aut autem consequatur cum cumque cupiditate, eligendi enim facilis harum inventore ipsum iure iusto libero maiores maxime minima minus molestias necessitatibus nesciunt officia officiis pariatur placeat porro provident qui quidem quis reprehenderit saepe sapiente sit tempora totam vel! Accusantium, consectetur ea earum excepturi fugiat in iusto magnam magni minima neque non nulla officia pariatur possimus quia quibusdam quos sapiente suscipit vitae voluptate! Accusamus adipisci magni nihil odit possimus? Accusantium ad alias, corporis culpa cum delectus deserunt dolore est fuga id impedit incidunt ipsa maxime nostrum numquam optio quae quidem quos ullam voluptas voluptate voluptates voluptatibus! Accusamus consectetur consequatur consequuntur cum, doloremque doloribus, excepturi explicabo ipsa iste iusto maxime natus nulla numquam officia optio quaerat quidem, quo rerum saepe tempora vero vitae voluptate voluptatibus. A aperiam incidunt, labore maxime minima modi molestias numquam odio praesentium quasi reprehenderit sequi sint sunt tempore totam. Accusantium aliquam architecto debitis dicta doloremque dolorum enim, eum eveniet hic, id ipsa ipsam iste iure perspiciatis placeat provident quae quo quos recusandae reiciendis soluta tempora tenetur voluptate! Ab amet distinctio et fugit iste maxime modi nemo, nisi quae qui quo vitae? Ab aliquid amet beatae consequuntur, ea excepturi illo incidunt quasi qui quis repellendus reprehenderit sit unde vero voluptatum? Animi aperiam cum dignissimos eos maiores nihil porro quae quidem similique totam, voluptatum!", "summary": "Lorem ipsum dolor sit amet, consectetur adipisicing elit. Architecto error porro ullam. Aliquid animi facere itaque officiis sapiente similique soluta tenetur? Accusantium aliquam at atque corporis cu", "published": "2020-02-16T12:52:13Z", "last_updated": "2020-02-16T12:54:09.818Z"}}, {"model": "courses.courses", "pk": 7, "fields": {"author": 1, "cover": "courses_featured_image/slider-4.jpg", "slug": "get-ready-for-summer", "title": "get ready for summer", "body": "this is the month of summer", "summary": "summer is coming", "published": "2020-02-17T19:50:25Z", "last_updated": "2020-02-17T19:57:33.031Z"}}, {"model": "courses.courses", "pk": 8, "fields": {"author": 17, "cover": "courses_featured_image/single-room-slider-3.jpg", "slug": "we-are-here", "title": "we are here", "body": "just for you to know that we are here to smoke your life up and sleep with your wife", "summary": "and here for you", "published": "2020-02-17T21:04:17Z", "last_updated": "2020-02-18T12:39:41.204Z"}}, {"model": "courses.courses", "pk": 9, "fields": {"author": 1, "cover": "courses_featured_image/Screenshot_from_2020-02-17_22-56-30.png", "slug": "lorem-ipsum-dolor-sit-amet-consectetur-ad", "title": "Lorem ipsum dolor sit amet, consectetur adipisicing elit.", "body": "Lorem ipsum dolor sit amet, consectetur adipisicing elit. A asperiores beatae deserunt fuga ipsa libero, magnam nam sit veritatis voluptatem. Dolorem est in odio saepe. Aliquid amet beatae commodi consequuntur cum cumque deserunt dolorem eius et itaque nesciunt nisi nulla numquam quam quasi, quia quis ratione repellendus similique sit soluta temporibus totam vel voluptates voluptatum. Ab aliquam, animi aut, beatae cum ducimus eaque eius et eum expedita facere facilis fugiat fugit harum in incidunt iste iure iusto laborum libero nemo officiis pariatur perferendis porro quas quos ratione tempore vel veritatis voluptatibus? Accusantium, alias atque autem blanditiis deleniti deserunt dolor dolore doloremque ducimus ea earum et ex facere facilis fugiat fugit illo illum impedit iste laborum magnam, molestiae mollitia nam nihil nobis nostrum officia porro qui quidem, quis ratione rem repellendus reprehenderit totam vel vitae voluptate. Ab dignissimos doloremque fugiat numquam quia quibusdam rem similique vero. Accusamus adipisci animi aperiam assumenda blanditiis, deleniti deserunt distinctio dolore eligendi error et eum ex exercitationem explicabo facere iste, maiores nemo perferendis quas quia quidem quisquam repellendus sequi similique tempore? Dolor eligendi, eum expedita fugiat nulla numquam, quaerat quia quos repellendus repudiandae rerum sequi totam voluptatem! Eligendi ex explicabo fugit laudantium nesciunt quasi, sint voluptatibus! Accusamus corporis ducimus fuga fugiat nisi, quia sed vel veniam. A ab adipisci aut blanditiis commodi consequatur culpa deserunt dicta dolorem doloribus eaque earum eius eveniet exercitationem fugiat impedit itaque labore magnam maiores modi molestiae neque nisi nobis numquam pariatur perspiciatis placeat porro provident quaerat quia recusandae reprehenderit sed, soluta unde vel voluptatibus voluptatum. Quae, quas, ullam. A aliquam aperiam aspernatur culpa cum delectus dolorum error esse minima quam, reiciendis, sed vitae, voluptate. Accusantium, ad beatae blanditiis dolorem eius error eum incidunt ipsam laboriosam molestias, nesciunt nisi placeat praesentium quas quia quidem quos repellat repellendus rerum sequi similique ut vel?", "summary": "Lorem ipsum dolor sit amet, consectetur adipisicing elit. A asperiores beatae deserunt fuga ipsa libero, magnam nam sit veritatis voluptatem. Dolorem est in odio saepe. Aliquid amet beatae commodi", "published": "2020-02-17T21:11:30Z", "last_updated": "2020-02-17T22:05:47.033Z"}}, {"model": "courses.courses", "pk": 10, "fields": {"author": 17, "cover": "courses_featured_image/jeremy-bishop-BuQ-jgeexaQ-unsplash.png", "slug": "wired-cable-after-installing-package", "title": "wired cable after installing package.", "body": "Lorem ipsum dolor sit amet, consectetur adipisicing elit. A asperiores beatae deserunt fuga ipsa libero, magnam nam sit veritatis voluptatem. Dolorem est in odio saepe. Aliquid amet beatae commodi consequuntur cum cumque deserunt dolorem eius et itaque nesciunt nisi nulla numquam quam quasi, quia quis ratione repellendus similique sit soluta temporibus totam vel voluptates voluptatum. Ab aliquam, animi aut, beatae cum ducimus eaque eius et eum expedita facere facilis fugiat fugit harum in incidunt iste iure iusto laborum libero nemo officiis pariatur perferendis porro quas quos ratione tempore vel veritatis voluptatibus? Accusantium, alias atque autem blanditiis deleniti deserunt dolor dolore doloremque ducimus ea earum et ex facere facilis fugiat fugit illo illum impedit iste laborum magnam, molestiae mollitia nam nihil nobis nostrum officia porro qui quidem, quis ratione rem repellendus reprehenderit totam vel vitae voluptate. Ab dignissimos doloremque fugiat numquam quia quibusdam rem similique vero. Accusamus adipisci animi aperiam assumenda blanditiis, deleniti deserunt distinctio dolore eligendi error et eum ex exercitationem explicabo facere iste, maiores nemo perferendis quas quia quidem quisquam repellendus sequi similique tempore? Dolor eligendi, eum expedita fugiat nulla numquam, quaerat quia quos repellendus repudiandae rerum sequi totam voluptatem! Eligendi ex explicabo fugit laudantium nesciunt quasi, sint voluptatibus! Accusamus corporis ducimus fuga fugiat nisi, quia sed vel veniam. A ab adipisci aut blanditiis commodi consequatur culpa deserunt dicta dolorem doloribus eaque earum eius eveniet exercitationem fugiat impedit itaque labore magnam maiores modi molestiae neque nisi nobis numquam pariatur perspiciatis placeat porro provident quaerat quia recusandae reprehenderit sed, soluta unde vel voluptatibus voluptatum. Quae, quas, ullam. A aliquam aperiam aspernatur culpa cum delectus dolorum error esse minima quam, reiciendis, sed vitae, voluptate. Accusantium, ad beatae blanditiis dolorem eius error eum incidunt ipsam laboriosam molestias, nesciunt nisi placeat praesentium quas quia quidem quos repellat repellendus rerum sequi similique ut vel?", "summary": "Lorem ipsum dolor sit amet, consectetur adipisicing elit. A asperiores beatae deserunt fuga ipsa libero, magnam nam sit veritatis voluptatem. Dolorem est in odio saepe. Aliquid amet beatae commodi", "published": "2020-02-17T22:36:15Z", "last_updated": "2020-02-18T12:39:59.481Z"}}, {"model": "courses.courses", "pk": 11, "fields": {"author": 1, "cover": "courses_featured_image/Screenshot_from_2020-02-17_22-56-30_kbEy7zs.png", "slug": "dolorem-est-in-odio-saepe-aliquid-amet-beatae-commodi", "title": "Dolorem est in odio saepe. Aliquid amet beatae commodi", "body": "Lorem ipsum dolor sit amet, consectetur adipisicing elit. A asperiores beatae deserunt fuga ipsa libero, magnam nam sit veritatis voluptatem. Dolorem est in odio saepe. Aliquid amet beatae commodi consequuntur cum cumque deserunt dolorem eius et itaque nesciunt nisi nulla numquam quam quasi, quia quis ratione repellendus similique sit soluta temporibus totam vel voluptates voluptatum. Ab aliquam, animi aut, beatae cum ducimus eaque eius et eum expedita facere facilis fugiat fugit harum in incidunt iste iure iusto laborum libero nemo officiis pariatur perferendis porro quas quos ratione tempore vel veritatis voluptatibus? Accusantium, alias atque autem blanditiis deleniti deserunt dolor dolore doloremque ducimus ea earum et ex facere facilis fugiat fugit illo illum impedit iste laborum magnam, molestiae mollitia nam nihil nobis nostrum officia porro qui quidem, quis ratione rem repellendus reprehenderit totam vel vitae voluptate. Ab dignissimos doloremque fugiat numquam quia quibusdam rem similique vero. Accusamus adipisci animi aperiam assumenda blanditiis, deleniti deserunt distinctio dolore eligendi error et eum ex exercitationem explicabo facere iste, maiores nemo perferendis quas quia quidem quisquam repellendus sequi similique tempore? Dolor eligendi, eum expedita fugiat nulla numquam, quaerat quia quos repellendus repudiandae rerum sequi totam voluptatem! Eligendi ex explicabo fugit laudantium nesciunt quasi, sint voluptatibus! Accusamus corporis ducimus fuga fugiat nisi, quia sed vel veniam. A ab adipisci aut blanditiis commodi consequatur culpa deserunt dicta dolorem doloribus eaque earum eius eveniet exercitationem fugiat impedit itaque labore magnam maiores modi molestiae neque nisi nobis numquam pariatur perspiciatis placeat porro provident quaerat quia recusandae reprehenderit sed, soluta unde vel voluptatibus voluptatum. Quae, quas, ullam. A aliquam aperiam aspernatur culpa cum delectus dolorum error esse minima quam, reiciendis, sed vitae, voluptate. Accusantium, ad beatae blanditiis dolorem eius error eum incidunt ipsam laboriosam molestias, nesciunt nisi placeat praesentium quas quia quidem quos repellat repellendus rerum sequi similique ut vel?", "summary": "A asperiores beatae deserunt fuga ipsa libero, magnam nam sit veritatis voluptatem. Dolorem est in odio saepe. Aliquid amet beatae commodi", "published": "2020-02-17T23:16:29.194Z", "last_updated": "2020-02-17T23:16:29.208Z"}}, {"model": "courses.courses", "pk": 12, "fields": {"author": 1, "cover": "courses_featured_image/Virtual-Assistant.png", "slug": "resized-image-lib", "title": "resized image lib", "body": "Lorem ipsum dolor sit amet, consectetur adipisicing elit. A asperiores beatae deserunt fuga ipsa libero, magnam nam sit veritatis voluptatem. Dolorem est in odio saepe. Aliquid amet beatae commodi consequuntur cum cumque deserunt dolorem eius et itaque nesciunt nisi nulla numquam quam quasi, quia quis ratione repellendus similique sit soluta temporibus totam vel voluptates voluptatum. Ab aliquam, animi aut, beatae cum ducimus eaque eius et eum expedita facere facilis fugiat fugit harum in incidunt iste iure iusto laborum libero nemo officiis pariatur perferendis porro quas quos ratione tempore vel veritatis voluptatibus? Accusantium, alias atque autem blanditiis deleniti deserunt dolor dolore doloremque ducimus ea earum et ex facere facilis fugiat fugit illo illum impedit iste laborum magnam, molestiae mollitia nam nihil nobis nostrum officia porro qui quidem, quis ratione rem repellendus reprehenderit totam vel vitae voluptate. Ab dignissimos doloremque fugiat numquam quia quibusdam rem similique vero. Accusamus adipisci animi aperiam assumenda blanditiis, deleniti deserunt distinctio dolore eligendi error et eum ex exercitationem explicabo facere iste, maiores nemo perferendis quas quia quidem quisquam repellendus sequi similique tempore? Dolor eligendi, eum expedita fugiat nulla numquam, quaerat quia quos repellendus repudiandae rerum sequi totam voluptatem! Eligendi ex explicabo fugit laudantium nesciunt quasi, sint voluptatibus! Accusamus corporis ducimus fuga fugiat nisi, quia sed vel veniam. A ab adipisci aut blanditiis commodi consequatur culpa deserunt dicta dolorem doloribus eaque earum eius eveniet exercitationem fugiat impedit itaque labore magnam maiores modi molestiae neque nisi nobis numquam pariatur perspiciatis placeat porro provident quaerat quia recusandae reprehenderit sed, soluta unde vel voluptatibus voluptatum. Quae, quas, ullam. A aliquam aperiam aspernatur culpa cum delectus dolorum error esse minima quam, reiciendis, sed vitae, voluptate. Accusantium, ad beatae blanditiis dolorem eius error eum incidunt ipsam laboriosam molestias, nesciunt nisi placeat praesentium quas quia quidem quos repellat repellendus rerum sequi similique ut vel?", "summary": "Lorem ipsum dolor sit amet, consectetur adipisicing elit. A asperiores beatae deserunt fuga ipsa libero, magnam nam sit veritatis voluptatem. Dolorem est in odio saepe. Aliquid amet beatae commodi", "published": "2020-02-18T10:45:12.651Z", "last_updated": "2020-02-23T22:55:36.145Z"}}, {"model": "courses.courses", "pk": 13, "fields": {"author": 17, "cover": "courses_featured_image/xiang-ji.png", "slug": "aliquid-amet-beatae-commodi", "title": "Aliquid amet beatae commodi", "body": "Lorem ipsum dolor sit amet, consectetur adipisicing elit. A asperiores beatae deserunt fuga ipsa libero, magnam nam sit veritatis voluptatem. Dolorem est in odio saepe. Aliquid amet beatae commodi consequuntur cum cumque deserunt dolorem eius et itaque nesciunt nisi nulla numquam quam quasi, quia quis ratione repellendus similique sit soluta temporibus totam vel voluptates voluptatum. Ab aliquam, animi aut, beatae cum ducimus eaque eius et eum expedita facere facilis fugiat fugit harum in incidunt iste iure iusto laborum libero nemo officiis pariatur perferendis porro quas quos ratione tempore vel veritatis voluptatibus? Accusantium, alias atque autem blanditiis deleniti deserunt dolor dolore doloremque ducimus ea earum et ex facere facilis fugiat fugit illo illum impedit iste laborum magnam, molestiae mollitia nam nihil nobis nostrum officia porro qui quidem, quis ratione rem repellendus reprehenderit totam vel vitae voluptate. Ab dignissimos doloremque fugiat numquam quia quibusdam rem similique vero. Accusamus adipisci animi aperiam assumenda blanditiis, deleniti deserunt distinctio dolore eligendi error et eum ex exercitationem explicabo facere iste, maiores nemo perferendis quas quia quidem quisquam repellendus sequi similique tempore? Dolor eligendi, eum expedita fugiat nulla numquam, quaerat quia quos repellendus repudiandae rerum sequi totam voluptatem! Eligendi ex explicabo fugit laudantium nesciunt quasi, sint voluptatibus! Accusamus corporis ducimus fuga fugiat nisi, quia sed vel veniam. A ab adipisci aut blanditiis commodi consequatur culpa deserunt dicta dolorem doloribus eaque earum eius eveniet exercitationem fugiat impedit itaque labore magnam maiores modi molestiae neque nisi nobis numquam pariatur perspiciatis placeat porro provident quaerat quia recusandae reprehenderit sed, soluta unde vel voluptatibus voluptatum. Quae, quas, ullam. A aliquam aperiam aspernatur culpa cum delectus dolorum error esse minima quam, reiciendis, sed vitae, voluptate. Accusantium, ad beatae blanditiis dolorem eius error eum incidunt ipsam laboriosam molestias, nesciunt nisi placeat praesentium quas quia quidem quos repellat repellendus rerum sequi similique ut vel?", "summary": "ipsum dolor sit amet, consectetur adipisicing elit. A asperiores beatae deserunt fuga ipsa libero, magnam nam sit veritatis voluptatem. Dolorem est in odio saepe. Aliquid amet beatae commodi", "published": "2020-02-18T10:54:18Z", "last_updated": "2020-02-18T12:39:25.218Z"}}, {"model": "courses.courses", "pk": 14, "fields": {"author": 18, "cover": "courses_featured_image/Canva_-_New_York_City.png", "slug": "dolorem-est-in-odio-saepe", "title": "Dolorem est in odio saepe.", "body": "Lorem ipsum dolor sit amet, consectetur adipisicing elit. A asperiores beatae deserunt fuga ipsa libero, magnam nam sit veritatis voluptatem. Dolorem est in odio saepe. Aliquid amet beatae commodi consequuntur cum cumque deserunt dolorem eius et itaque nesciunt nisi nulla numquam quam quasi, quia quis ratione repellendus similique sit soluta temporibus totam vel voluptates voluptatum. Ab aliquam, animi aut, beatae cum ducimus eaque eius et eum expedita facere facilis fugiat fugit harum in incidunt iste iure iusto laborum libero nemo officiis pariatur perferendis porro quas quos ratione tempore vel veritatis voluptatibus? Accusantium, alias atque autem blanditiis deleniti deserunt dolor dolore doloremque ducimus ea earum et ex facere facilis fugiat fugit illo illum impedit iste laborum magnam, molestiae mollitia nam nihil nobis nostrum officia porro qui quidem, quis ratione rem repellendus reprehenderit totam vel vitae voluptate. Ab dignissimos doloremque fugiat numquam quia quibusdam rem similique vero. Accusamus adipisci animi aperiam assumenda blanditiis, deleniti deserunt distinctio dolore eligendi error et eum ex exercitationem explicabo facere iste, maiores nemo perferendis quas quia quidem quisquam repellendus sequi similique tempore? Dolor eligendi, eum expedita fugiat nulla numquam, quaerat quia quos repellendus repudiandae rerum sequi totam voluptatem! Eligendi ex explicabo fugit laudantium nesciunt quasi, sint voluptatibus! Accusamus corporis ducimus fuga fugiat nisi, quia sed vel veniam. A ab adipisci aut blanditiis commodi consequatur culpa deserunt dicta dolorem doloribus eaque earum eius eveniet exercitationem fugiat impedit itaque labore magnam maiores modi molestiae neque nisi nobis numquam pariatur perspiciatis placeat porro provident quaerat quia recusandae reprehenderit sed, soluta unde vel voluptatibus voluptatum. Quae, quas, ullam. A aliquam aperiam aspernatur culpa cum delectus dolorum error esse minima quam, reiciendis, sed vitae, voluptate. Accusantium, ad beatae blanditiis dolorem eius error eum incidunt ipsam laboriosam molestias, nesciunt nisi placeat praesentium quas quia quidem quos repellat repellendus rerum sequi similique ut vel?", "summary": "A asperiores beatae deserunt fuga ipsa libero, magnam nam sit veritatis voluptatem. Dolorem est in odio saepe. Aliquid amet beatae commodi", "published": "2020-02-18T11:00:55.516Z", "last_updated": "2020-02-18T11:00:56.026Z"}}, {"model": "courses.courses", "pk": 15, "fields": {"author": 18, "cover": "courses_featured_image/Screenshot_from_2020-02-11_23-58-14.png", "slug": "dolorem-est-in-odio-saepe-aliquid-amet-beatae-commodi-con", "title": "Dolorem est in odio saepe. Aliquid amet beatae commodi con", "body": "Lorem ipsum dolor sit amet, consectetur adipisicing elit. A asperiores beatae deserunt fuga ipsa libero, magnam nam sit veritatis voluptatem. Dolorem est in odio saepe. Aliquid amet beatae commodi consequuntur cum cumque deserunt dolorem eius et itaque nesciunt nisi nulla numquam quam quasi, quia quis ratione repellendus similique sit soluta temporibus totam vel voluptates voluptatum. Ab aliquam, animi aut, beatae cum ducimus eaque eius et eum expedita facere facilis fugiat fugit harum in incidunt iste iure iusto laborum libero nemo officiis pariatur perferendis porro quas quos ratione tempore vel veritatis voluptatibus? Accusantium, alias atque autem blanditiis deleniti deserunt dolor dolore doloremque ducimus ea earum et ex facere facilis fugiat fugit illo illum impedit iste laborum magnam, molestiae mollitia nam nihil nobis nostrum officia porro qui quidem, quis ratione rem repellendus reprehenderit totam vel vitae voluptate. Ab dignissimos doloremque fugiat numquam quia quibusdam rem similique vero. Accusamus adipisci animi aperiam assumenda blanditiis, deleniti deserunt distinctio dolore eligendi error et eum ex exercitationem explicabo facere iste, maiores nemo perferendis quas quia quidem quisquam repellendus sequi similique tempore? Dolor eligendi, eum expedita fugiat nulla numquam, quaerat quia quos repellendus repudiandae rerum sequi totam voluptatem! Eligendi ex explicabo fugit laudantium nesciunt quasi, sint voluptatibus! Accusamus corporis ducimus fuga fugiat nisi, quia sed vel veniam. A ab adipisci aut blanditiis commodi consequatur culpa deserunt dicta dolorem doloribus eaque earum eius eveniet exercitationem fugiat impedit itaque labore magnam maiores modi molestiae neque nisi nobis numquam pariatur perspiciatis placeat porro provident quaerat quia recusandae reprehenderit sed, soluta unde vel voluptatibus voluptatum. Quae, quas, ullam. A aliquam aperiam aspernatur culpa cum delectus dolorum error esse minima quam, reiciendis, sed vitae, voluptate. Accusantium, ad beatae blanditiis dolorem eius error eum incidunt ipsam laboriosam molestias, nesciunt nisi placeat praesentium quas quia quidem quos repellat repellendus rerum sequi similique ut vel?", "summary": "Lorem ipsum dolor sit amet, consectetur adipisicing elit. A asperiores beatae deserunt fuga ipsa libero, magnam nam sit veritatis voluptatem. Dolorem est in odio saepe. Aliquid amet beatae commodi con", "published": "2020-02-18T11:07:26.994Z", "last_updated": "2020-02-18T11:07:27.169Z"}}, {"model": "courses.courses", "pk": 17, "fields": {"author": 21, "cover": "courses_featured_image/Screenshot_from_2020-02-17_22-56-49_ZuM0G0r.png", "slug": "dolorem-est-in-odio-aliquid-amet-beatae-coxcvmmodi", "title": "Dolorem est in odio. Aliquid amet beatae commodi.", "body": "Lorem ipsum dolor sit amet, consectetur adipisicing elit. A asperiores beatae deserunt fuga ipsa libero, magnam nam sit veritatis voluptatem. Dolorem est in odio saepe. Aliquid amet beatae commodi consequuntur cum cumque deserunt dolorem eius et itaque nesciunt nisi nulla numquam quam quasi, quia quis ratione repellendus similique sit soluta temporibus totam vel voluptates voluptatum. Ab aliquam, animi aut, beatae cum ducimus eaque eius et eum expedita facere facilis fugiat fugit harum in incidunt iste iure iusto laborum libero nemo officiis pariatur perferendis porro quas quos ratione tempore vel veritatis voluptatibus? Accusantium, alias atque autem blanditiis deleniti deserunt dolor dolore doloremque ducimus ea earum et ex facere facilis fugiat fugit illo illum impedit iste laborum magnam, molestiae mollitia nam nihil nobis nostrum officia porro qui quidem, quis ratione rem repellendus reprehenderit totam vel vitae voluptate. Ab dignissimos doloremque fugiat numquam quia quibusdam rem similique vero. Accusamus adipisci animi aperiam assumenda blanditiis, deleniti deserunt distinctio dolore eligendi error et eum ex exercitationem explicabo facere iste, maiores nemo perferendis quas quia quidem quisquam repellendus sequi similique tempore? Dolor eligendi, eum expedita fugiat nulla numquam, quaerat quia quos repellendus repudiandae rerum sequi totam voluptatem! Eligendi ex explicabo fugit laudantium nesciunt quasi, sint voluptatibus! Accusamus corporis ducimus fuga fugiat nisi, quia sed vel veniam. A ab adipisci aut blanditiis commodi consequatur culpa deserunt dicta dolorem doloribus eaque earum eius eveniet exercitationem fugiat impedit itaque labore magnam maiores modi molestiae neque nisi nobis numquam pariatur perspiciatis placeat porro provident quaerat quia recusandae reprehenderit sed, soluta unde vel voluptatibus voluptatum. Quae, quas, ullam. A aliquam aperiam aspernatur culpa cum delectus dolorum error esse minima quam, reiciendis, sed vitae, voluptate. Accusantium, ad beatae blanditiis dolorem eius error eum incidunt ipsam laboriosam molestias, nesciunt nisi placeat praesentium quas quia quidem quos repellat repellendus rerum sequi similique ut vel?", "summary": "Lorem ipsum dolor sit amet, consectetur adipisicing elit. A asperiores beatae deserunt fuga ipsa libero, magnam nam sit veritatis voluptatem. Dolorem est in odio saepe.", "published": "2020-02-18T13:09:19Z", "last_updated": "2020-02-18T13:16:58.984Z"}}, {"model": "courses.courses", "pk": 18, "fields": {"author": 23, "cover": "courses_featured_image/valentin-petkov-mYY0c9WKKk8-unsplash.png", "slug": "aliquid-amet-beatae-commodi-con", "title": "Aliquid amet beatae commodi con", "body": "Lorem ipsum dolor sit amet, consectetur adipisicing elit. A asperiores beatae deserunt fuga ipsa libero, magnam nam sit veritatis voluptatem. Dolorem est in odio saepe. Aliquid amet beatae commodi consequuntur cum cumque deserunt dolorem eius et itaque nesciunt nisi nulla numquam quam quasi, quia quis ratione repellendus similique sit soluta temporibus totam vel voluptates voluptatum. Ab aliquam, animi aut, beatae cum ducimus eaque eius et eum expedita facere facilis fugiat fugit harum in incidunt iste iure iusto laborum libero nemo officiis pariatur perferendis porro quas quos ratione tempore vel veritatis voluptatibus? Accusantium, alias atque autem blanditiis deleniti deserunt dolor dolore doloremque ducimus ea earum et ex facere facilis fugiat fugit illo illum impedit iste laborum magnam, molestiae mollitia nam nihil nobis nostrum officia porro qui quidem, quis ratione rem repellendus reprehenderit totam vel vitae voluptate. Ab dignissimos doloremque fugiat numquam quia quibusdam rem similique vero. Accusamus adipisci animi aperiam assumenda blanditiis, deleniti deserunt distinctio dolore eligendi error et eum ex exercitationem explicabo facere iste, maiores nemo perferendis quas quia quidem quisquam repellendus sequi similique tempore? Dolor eligendi, eum expedita fugiat nulla numquam, quaerat quia quos repellendus repudiandae rerum sequi totam voluptatem! Eligendi ex explicabo fugit laudantium nesciunt quasi, sint voluptatibus! Accusamus corporis ducimus fuga fugiat nisi, quia sed vel veniam. A ab adipisci aut blanditiis commodi consequatur culpa deserunt dicta dolorem doloribus eaque earum eius eveniet exercitationem fugiat impedit itaque labore magnam maiores modi molestiae neque nisi nobis numquam pariatur perspiciatis placeat porro provident quaerat quia recusandae reprehenderit sed, soluta unde vel voluptatibus voluptatum. Quae, quas, ullam. A aliquam aperiam aspernatur culpa cum delectus dolorum error esse minima quam, reiciendis, sed vitae, voluptate. Accusantium, ad beatae blanditiis dolorem eius error eum incidunt ipsam laboriosam molestias, nesciunt nisi placeat praesentium quas quia quidem quos repellat repellendus rerum sequi similique ut vel?", "summary": "A asperiores beatae deserunt fuga ipsa libero, magnam nam sit veritatis voluptatem. Dolorem est in odio saepe. Aliquid amet beatae commodi con", "published": "2020-02-18T16:32:26.911Z", "last_updated": "2020-02-18T16:32:27.980Z"}}, {"model": "courses.courses", "pk": 19, "fields": {"author": 23, "cover": "courses_featured_image/william-iven-gcsNOsPEXfs-unsplash.png", "slug": "aliquid-amet-beatae-commodi-con-19", "title": "Quae, quas, ullam.", "body": "Lorem ipsum dolor sit amet, consectetur adipisicing elit. A asperiores beatae deserunt fuga ipsa libero, magnam nam sit veritatis voluptatem. Dolorem est in odio saepe. Aliquid amet beatae commodi consequuntur cum cumque deserunt dolorem eius et itaque nesciunt nisi nulla numquam quam quasi, quia quis ratione repellendus similique sit soluta temporibus totam vel voluptates voluptatum. Ab aliquam, animi aut, beatae cum ducimus eaque eius et eum expedita facere facilis fugiat fugit harum in incidunt iste iure iusto laborum libero nemo officiis pariatur perferendis porro quas quos ratione tempore vel veritatis voluptatibus? Accusantium, alias atque autem blanditiis deleniti deserunt dolor dolore doloremque ducimus ea earum et ex facere facilis fugiat fugit illo illum impedit iste laborum magnam, molestiae mollitia nam nihil nobis nostrum officia porro qui quidem, quis ratione rem repellendus reprehenderit totam vel vitae voluptate. Ab dignissimos doloremque fugiat numquam quia quibusdam rem similique vero. Accusamus adipisci animi aperiam assumenda blanditiis, deleniti deserunt distinctio dolore eligendi error et eum ex exercitationem explicabo facere iste, maiores nemo perferendis quas quia quidem quisquam repellendus sequi similique tempore? Dolor eligendi, eum expedita fugiat nulla numquam, quaerat quia quos repellendus repudiandae rerum sequi totam voluptatem! Eligendi ex explicabo fugit laudantium nesciunt quasi, sint voluptatibus! Accusamus corporis ducimus fuga fugiat nisi, quia sed vel veniam. A ab adipisci aut blanditiis commodi consequatur culpa deserunt dicta dolorem doloribus eaque earum eius eveniet exercitationem fugiat impedit itaque labore magnam maiores modi molestiae neque nisi nobis numquam pariatur perspiciatis placeat porro provident quaerat quia recusandae reprehenderit sed, soluta unde vel voluptatibus voluptatum. Quae, quas, ullam. A aliquam aperiam aspernatur culpa cum delectus dolorum error esse minima quam, reiciendis, sed vitae, voluptate. Accusantium, ad beatae blanditiis dolorem eius error eum incidunt ipsam laboriosam molestias, nesciunt nisi placeat praesentium quas quia quidem quos repellat repellendus rerum sequi similique ut vel?", "summary": "Lorem ipsum dolor sit amet, consectetur adipisicing elit. A asperiores beatae deserunt fuga ipsa libero, magnam nam sit veritatis voluptatem. Dolorem est in odio saepe. Aliquid amet beatae commodi con", "published": "2020-02-18T16:41:09Z", "last_updated": "2020-02-18T16:43:41.968Z"}}, {"model": "courses.courses", "pk": 20, "fields": {"author": 1, "cover": "courses_featured_image/slider-3_2.png", "slug": "deserunt-dicta-dolorem-doloriagnam", "title": "Deserunt dictaabore magnam", "body": "Lorem ipsum dolor sit amet, consectetur adipisicing elit. A asperiores beatae deserunt fuga ipsa libero, magnam nam sit veritatis voluptatem. Dolorem est in odio saepe. Aliquid amet beatae commodi consequuntur cum cumque deserunt dolorem eius et itaque nesciunt nisi nulla numquam quam quasi, quia quis ratione repellendus similique sit soluta temporibus totam vel voluptates voluptatum. Ab aliquam, animi aut, beatae cum ducimus eaque eius et eum expedita facere facilis fugiat fugit harum in incidunt iste iure iusto laborum libero nemo officiis pariatur perferendis porro quas quos ratione tempore vel veritatis voluptatibus? Accusantium, alias atque autem blanditiis deleniti deserunt dolor dolore doloremque ducimus ea earum et ex facere facilis fugiat fugit illo illum impedit iste laborum magnam, molestiae mollitia nam nihil nobis nostrum officia porro qui quidem, quis ratione rem repellendus reprehenderit totam vel vitae voluptate. Ab dignissimos doloremque fugiat numquam quia quibusdam rem similique vero. Accusamus adipisci animi aperiam assumenda blanditiis, deleniti deserunt distinctio dolore eligendi error et eum ex exercitationem explicabo facere iste, maiores nemo perferendis quas quia quidem quisquam repellendus sequi similique tempore? Dolor eligendi, eum expedita fugiat nulla numquam, quaerat quia quos repellendus repudiandae rerum sequi totam voluptatem! Eligendi ex explicabo fugit laudantium nesciunt quasi, sint voluptatibus! Accusamus corporis ducimus fuga fugiat nisi, quia sed vel veniam. A ab adipisci aut blanditiis commodi consequatur culpa deserunt dicta dolorem doloribus eaque earum eius eveniet exercitationem fugiat impedit itaque labore magnam maiores modi molestiae neque nisi nobis numquam pariatur perspiciatis placeat porro provident quaerat quia recusandae reprehenderit sed, soluta unde vel voluptatibus voluptatum. Quae, quas, ullam. A aliquam aperiam aspernatur culpa cum delectus dolorum error esse minima quam, reiciendis, sed vitae, voluptate. Accusantium, ad beatae blanditiis dolorem eius error eum incidunt ipsam laboriosam molestias, nesciunt nisi placeat praesentium quas quia quidem quos repellat repellendus rerum sequi similique ut vel?", "summary": "Lorem ipsum dolor sit amet, consectetur adipisicing elit. A asperiores beatae deserunt fuga ipsa libero, magnam nam sit veritatis voluptatem. Dolorem est in odio saepe. Aliquid amet beatae commodi con", "published": "2020-02-25T17:58:07Z", "last_updated": "2020-04-09T01:58:12.629Z"}}, {"model": "courses.comments", "pk": 1, "fields": {"course": 20, "author": 1, "comment": "this is cool", "commented_at": "2020-03-02T00:11:47.099Z", "parent": null, "active": true}}, {"model": "courses.comments", "pk": 2, "fields": {"course": 1, "author": 1, "comment": "cool", "commented_at": "2020-03-02T00:13:40.381Z", "parent": 2, "active": true}}, {"model": "courses.comments", "pk": 3, "fields": {"course": 1, "author": 1, "comment": "this ic cool o", "commented_at": "2020-03-02T00:15:37.858Z", "parent": null, "active": true}}, {"model": "courses.comments", "pk": 4, "fields": {"course": 1, "author": 17, "comment": "owk now i see", "commented_at": "2020-03-02T00:17:42.485Z", "parent": 3, "active": true}}, {"model": "courses.comments", "pk": 5, "fields": {"course": 1, "author": 1, "comment": "serioulsy?", "commented_at": "2020-03-02T00:18:25.711Z", "parent": 3, "active": true}}, {"model": "courses.comments", "pk": 6, "fields": {"course": 1, "author": 24, "comment": "this comment is from another author", "commented_at": "2020-03-02T00:28:29.156Z", "parent": null, "active": true}}, {"model": "courses.comments", "pk": 7, "fields": {"course": 1, "author": 21, "comment": "ok", "commented_at": "2020-03-02T00:29:23.589Z", "parent": null, "active": true}}, {"model": "courses.comments", "pk": 8, "fields": {"course": 20, "author": 1, "comment": "this is cool and no author or course box", "commented_at": "2020-03-02T11:45:59.332Z", "parent": null, "active": true}}, {"model": "courses.comments", "pk": 9, "fields": {"course": 20, "author": 1, "comment": "this is a reply on this post", "commented_at": "2020-03-02T11:47:24.529Z", "parent": 8, "active": false}}, {"model": "courses.comments", "pk": 10, "fields": {"course": 20, "author": 1, "comment": "error esse minima quam, reiciendis, sed vitae, voluptate. Accusantium, ad beatae blanditiis dolorem eius error eum incidunt ipsam laboriosam molestias, nesciunt nisi placeat praesentium quas quia quidem quos repellat repellendus rerum sequi similique ut vel?", "commented_at": "2020-03-02T11:49:57.311Z", "parent": null, "active": true}}, {"model": "courses.comments", "pk": 11, "fields": {"course": 20, "author": 1, "comment": "ok then", "commented_at": "2020-03-04T11:17:07.185Z", "parent": 8, "active": true}}, {"model": "courses.comments", "pk": 12, "fields": {"course": 20, "author": 1, "comment": "another reply coming from hidden togle case reply button and so on.", "commented_at": "2020-03-04T11:56:39.169Z", "parent": 1, "active": true}}, {"model": "courses.comments", "pk": 13, "fields": {"course": 20, "author": 1, "comment": "reply for comment last", "commented_at": "2020-03-04T12:00:11.025Z", "parent": 10, "active": true}}, {"model": "courses.comments", "pk": 14, "fields": {"course": 19, "author": 1, "comment": "this is cool", "commented_at": "2020-04-04T10:39:59.416Z", "parent": null, "active": true}}, {"model": "admin.logentry", "pk": 1, "fields": {"action_time": "2020-02-11T20:05:55.506Z", "user": 1, "content_type": 6, "object_id": "5", "object_repr": "testuser - admin@site.com", "action_flag": 3, "change_message": ""}}, {"model": "admin.logentry", "pk": 2, "fields": {"action_time": "2020-02-11T20:05:55.591Z", "user": 1, "content_type": 6, "object_id": "4", "object_repr": " - baykay@baykay.com", "action_flag": 3, "change_message": ""}}, {"model": "admin.logentry", "pk": 3, "fields": {"action_time": "2020-02-11T20:05:55.731Z", "user": 1, "content_type": 6, "object_id": "2", "object_repr": " - baykay@gmail.com", "action_flag": 3, "change_message": ""}}, {"model": "admin.logentry", "pk": 4, "fields": {"action_time": "2020-02-11T20:05:55.904Z", "user": 1, "content_type": 6, "object_id": "3", "object_repr": " - baykcay@gmail.com", "action_flag": 3, "change_message": ""}}, {"model": "admin.logentry", "pk": 5, "fields": {"action_time": "2020-02-11T20:12:04.717Z", "user": 1, "content_type": 6, "object_id": "6", "object_repr": "Baykay412 - admin@site.com", "action_flag": 3, "change_message": ""}}, {"model": "admin.logentry", "pk": 6, "fields": {"action_time": "2020-02-11T23:59:07.619Z", "user": 1, "content_type": 6, "object_id": "8", "object_repr": "techuser - gffbaykay@gmail.com", "action_flag": 2, "change_message": "[{\"changed\": {\"name\": \"profile\", \"object\": \"techuser (gffbaykay@gmail.com)\", \"fields\": [\"Profession\"]}}]"}}, {"model": "admin.logentry", "pk": 7, "fields": {"action_time": "2020-02-11T23:59:44.854Z", "user": 1, "content_type": 6, "object_id": "7", "object_repr": "Baykay412 - baykay@baykay.com", "action_flag": 3, "change_message": ""}}, {"model": "admin.logentry", "pk": 8, "fields": {"action_time": "2020-02-11T23:59:44.951Z", "user": 1, "content_type": 6, "object_id": "8", "object_repr": "techuser - gffbaykay@gmail.com", "action_flag": 3, "change_message": ""}}, {"model": "admin.logentry", "pk": 9, "fields": {"action_time": "2020-02-12T01:49:43.524Z", "user": 1, "content_type": 6, "object_id": "10", "object_repr": "Baykay4122 - baykay@baykay.com", "action_flag": 3, "change_message": ""}}, {"model": "admin.logentry", "pk": 10, "fields": {"action_time": "2020-02-12T01:49:43.611Z", "user": 1, "content_type": 6, "object_id": "12", "object_repr": "feurtiy - bookjklbfh@gmail.com", "action_flag": 3, "change_message": ""}}, {"model": "admin.logentry", "pk": 11, "fields": {"action_time": "2020-02-12T01:49:43.682Z", "user": 1, "content_type": 6, "object_id": "11", "object_repr": "urtiy - boolbfh@gmail.com", "action_flag": 3, "change_message": ""}}, {"model": "admin.logentry", "pk": 12, "fields": {"action_time": "2020-02-12T01:49:43.748Z", "user": 1, "content_type": 6, "object_id": "13", "object_repr": "htrhfgtrht - youhthngtech412@gmail.com", "action_flag": 3, "change_message": ""}}, {"model": "admin.logentry", "pk": 13, "fields": {"action_time": "2020-02-12T01:49:43.814Z", "user": 1, "content_type": 6, "object_id": "14", "object_repr": "htrhhfgtrhth - youhthrghrthngtech412@gmail.com", "action_flag": 3, "change_message": ""}}, {"model": "admin.logentry", "pk": 14, "fields": {"action_time": "2020-02-12T01:49:43.880Z", "user": 1, "content_type": 6, "object_id": "15", "object_repr": "htrhhfgnggtrhth - youhthrgngnhrthngtech412@gmail.com", "action_flag": 3, "change_message": ""}}, {"model": "admin.logentry", "pk": 15, "fields": {"action_time": "2020-02-12T01:49:43.945Z", "user": 1, "content_type": 6, "object_id": "9", "object_repr": "Baykay412 - youngtech4fef12@gmail.com", "action_flag": 3, "change_message": ""}}, {"model": "admin.logentry", "pk": 16, "fields": {"action_time": "2020-02-13T11:11:23.944Z", "user": 1, "content_type": 6, "object_id": "16", "object_repr": "testuser - admin@gmail.com", "action_flag": 3, "change_message": ""}}, {"model": "admin.logentry", "pk": 17, "fields": {"action_time": "2020-02-13T11:12:57.310Z", "user": 1, "content_type": 6, "object_id": "17", "object_repr": "Baykay412 - baykay@gmail.com", "action_flag": 1, "change_message": "[{\"added\": {}}]"}}, {"model": "admin.logentry", "pk": 18, "fields": {"action_time": "2020-02-13T16:19:19.428Z", "user": 1, "content_type": 6, "object_id": "1", "object_repr": "youngbaykay - youngtech412@gmail.com", "action_flag": 2, "change_message": "[{\"changed\": {\"name\": \"profile\", \"object\": \"youngbaykay (youngtech412@gmail.com)\", \"fields\": [\"Profession\"]}}]"}}, {"model": "admin.logentry", "pk": 19, "fields": {"action_time": "2020-02-13T22:07:09.330Z", "user": 1, "content_type": 8, "object_id": "1", "object_repr": "<bound method User.get_full_name of <User: youngbaykay - youngtech412@gmail.com>> youngbaykay tech review revolution", "action_flag": 1, "change_message": "[{\"added\": {}}]"}}, {"model": "admin.logentry", "pk": 20, "fields": {"action_time": "2020-02-14T03:26:49.103Z", "user": 1, "content_type": 8, "object_id": "1", "object_repr": "youngbaykay tech review revolution", "action_flag": 2, "change_message": "[{\"changed\": {\"fields\": [\"Cover\"]}}]"}}, {"model": "admin.logentry", "pk": 21, "fields": {"action_time": "2020-02-14T03:53:14.130Z", "user": 1, "content_type": 8, "object_id": "2", "object_repr": "youngbaykay How can I fix network issue in Ubuntu 18.0.4", "action_flag": 2, "change_message": "[{\"changed\": {\"fields\": [\"Slug\"]}}]"}}, {"model": "admin.logentry", "pk": 22, "fields": {"action_time": "2020-02-14T03:53:19.605Z", "user": 1, "content_type": 8, "object_id": "1", "object_repr": "youngbaykay tech review revolution", "action_flag": 2, "change_message": "[]"}}, {"model": "admin.logentry", "pk": 23, "fields": {"action_time": "2020-02-14T03:59:16.115Z", "user": 1, "content_type": 8, "object_id": "2", "object_repr": "youngbaykay How can I fix network issue in Ubuntu 18.0.4", "action_flag": 2, "change_message": "[{\"changed\": {\"fields\": [\"Cover\"]}}]"}}, {"model": "admin.logentry", "pk": 24, "fields": {"action_time": "2020-02-14T03:59:27.069Z", "user": 1, "content_type": 8, "object_id": "1", "object_repr": "youngbaykay tech review revolution", "action_flag": 2, "change_message": "[{\"changed\": {\"fields\": [\"Cover\"]}}]"}}, {"model": "admin.logentry", "pk": 25, "fields": {"action_time": "2020-02-14T04:00:26.446Z", "user": 1, "content_type": 8, "object_id": "2", "object_repr": "youngbaykay How can I fix network issue in Ubuntu 18.0.4", "action_flag": 2, "change_message": "[{\"changed\": {\"fields\": [\"Cover\"]}}]"}}, {"model": "admin.logentry", "pk": 26, "fields": {"action_time": "2020-02-14T04:00:38.997Z", "user": 1, "content_type": 8, "object_id": "2", "object_repr": "youngbaykay How can I fix network issue in Ubuntu 18.0.4", "action_flag": 2, "change_message": "[{\"changed\": {\"fields\": [\"Summary\"]}}]"}}, {"model": "admin.logentry", "pk": 27, "fields": {"action_time": "2020-02-14T04:00:49.412Z", "user": 1, "content_type": 8, "object_id": "1", "object_repr": "youngbaykay tech review revolution", "action_flag": 2, "change_message": "[{\"changed\": {\"fields\": [\"Summary\"]}}]"}}, {"model": "admin.logentry", "pk": 28, "fields": {"action_time": "2020-02-14T04:05:14.365Z", "user": 1, "content_type": 8, "object_id": "2", "object_repr": "youngbaykay How can I fix network issue in Ubuntu 18.0.4", "action_flag": 2, "change_message": "[{\"changed\": {\"fields\": [\"Summary\"]}}]"}}, {"model": "admin.logentry", "pk": 29, "fields": {"action_time": "2020-02-14T04:05:22.734Z", "user": 1, "content_type": 8, "object_id": "1", "object_repr": "youngbaykay tech review revolution", "action_flag": 2, "change_message": "[{\"changed\": {\"fields\": [\"Summary\"]}}]"}}, {"model": "admin.logentry", "pk": 30, "fields": {"action_time": "2020-02-14T04:12:12.493Z", "user": 1, "content_type": 8, "object_id": "2", "object_repr": "youngbaykay How can I fix network issue in Ubuntu 18.0.4", "action_flag": 2, "change_message": "[{\"changed\": {\"fields\": [\"Cover\"]}}]"}}, {"model": "admin.logentry", "pk": 31, "fields": {"action_time": "2020-02-14T10:45:14.883Z", "user": 1, "content_type": 6, "object_id": "17", "object_repr": "Baykay412 - baykay@gmail.com", "action_flag": 2, "change_message": "[{\"changed\": {\"name\": \"profile\", \"object\": \"Baykay412 (baykay@gmail.com)\", \"fields\": [\"Avatar\"]}}]"}}, {"model": "admin.logentry", "pk": 32, "fields": {"action_time": "2020-02-14T10:45:32.487Z", "user": 1, "content_type": 6, "object_id": "1", "object_repr": "youngbaykay - youngtech412@gmail.com", "action_flag": 2, "change_message": "[{\"changed\": {\"name\": \"profile\", \"object\": \"youngbaykay (youngtech412@gmail.com)\", \"fields\": [\"Avatar\"]}}]"}}, {"model": "admin.logentry", "pk": 33, "fields": {"action_time": "2020-02-14T11:03:32.410Z", "user": 1, "content_type": 8, "object_id": "2", "object_repr": "youngbaykay How can I fix network issue in Ubuntu 18.0.4", "action_flag": 2, "change_message": "[{\"changed\": {\"fields\": [\"Slug\"]}}]"}}, {"model": "admin.logentry", "pk": 34, "fields": {"action_time": "2020-02-14T11:20:27.317Z", "user": 1, "content_type": 8, "object_id": "2", "object_repr": "Baykay412 How can I fix network issue in Ubuntu 18.0.4", "action_flag": 2, "change_message": "[{\"changed\": {\"fields\": [\"Author\"]}}]"}}, {"model": "admin.logentry", "pk": 35, "fields": {"action_time": "2020-02-14T11:22:54.180Z", "user": 1, "content_type": 8, "object_id": "2", "object_repr": "Baykay412 How can I fix network issue in Ubuntu 18.0.4", "action_flag": 2, "change_message": "[{\"changed\": {\"fields\": [\"Body\"]}}]"}}, {"model": "admin.logentry", "pk": 36, "fields": {"action_time": "2020-02-14T12:02:42.413Z", "user": 1, "content_type": 6, "object_id": "18", "object_repr": "admin01 - admin@gmail.com", "action_flag": 1, "change_message": "[{\"added\": {}}]"}}, {"model": "admin.logentry", "pk": 37, "fields": {"action_time": "2020-02-14T12:03:01.532Z", "user": 1, "content_type": 6, "object_id": "18", "object_repr": "admin01 - admin@gmail.com", "action_flag": 2, "change_message": "[{\"changed\": {\"name\": \"profile\", \"object\": \"admin01 (admin@gmail.com)\", \"fields\": [\"Avatar\"]}}]"}}, {"model": "admin.logentry", "pk": 38, "fields": {"action_time": "2020-02-14T12:03:55.641Z", "user": 1, "content_type": 6, "object_id": "18", "object_repr": "admin01 - admin@gmail.com", "action_flag": 2, "change_message": "[{\"changed\": {\"name\": \"profile\", \"object\": \"admin01 (admin@gmail.com)\", \"fields\": [\"Avatar\"]}}]"}}, {"model": "admin.logentry", "pk": 39, "fields": {"action_time": "2020-02-14T12:09:25.664Z", "user": 1, "content_type": 6, "object_id": "18", "object_repr": "admin01 - admin@gmail.com", "action_flag": 2, "change_message": "[{\"changed\": {\"fields\": [\"Staff status\"]}}]"}}, {"model": "admin.logentry", "pk": 40, "fields": {"action_time": "2020-02-14T12:11:06.538Z", "user": 18, "content_type": 8, "object_id": "2", "object_repr": "Baykay412 How can I fix network issue in Ubuntu 18.0.4", "action_flag": 2, "change_message": "[{\"changed\": {\"fields\": [\"Cover\"]}}]"}}, {"model": "admin.logentry", "pk": 41, "fields": {"action_time": "2020-02-14T12:12:31.902Z", "user": 18, "content_type": 8, "object_id": "3", "object_repr": "admin01 latest infinix phone", "action_flag": 1, "change_message": "[{\"added\": {}}]"}}, {"model": "admin.logentry", "pk": 42, "fields": {"action_time": "2020-02-14T18:14:23.465Z", "user": 18, "content_type": 6, "object_id": "18", "object_repr": "admin01 - admin@gmail.com", "action_flag": 2, "change_message": "[{\"changed\": {\"name\": \"profile\", \"object\": \"admin01 (admin@gmail.com)\", \"fields\": [\"Avatar\"]}}]"}}, {"model": "admin.logentry", "pk": 43, "fields": {"action_time": "2020-02-14T18:36:54.821Z", "user": 18, "content_type": 6, "object_id": "18", "object_repr": "admin01 - admin@gmail.com", "action_flag": 2, "change_message": "[{\"changed\": {\"name\": \"profile\", \"object\": \"admin01 (admin@gmail.com)\", \"fields\": [\"Avatar\"]}}]"}}, {"model": "admin.logentry", "pk": 44, "fields": {"action_time": "2020-02-14T18:37:33.217Z", "user": 18, "content_type": 6, "object_id": "17", "object_repr": "Baykay412 - baykay@gmail.com", "action_flag": 2, "change_message": "[{\"changed\": {\"name\": \"profile\", \"object\": \"Baykay412 (baykay@gmail.com)\", \"fields\": [\"Avatar\"]}}]"}}, {"model": "admin.logentry", "pk": 45, "fields": {"action_time": "2020-02-14T18:37:45.669Z", "user": 18, "content_type": 6, "object_id": "1", "object_repr": "youngbaykay - youngtech412@gmail.com", "action_flag": 2, "change_message": "[{\"changed\": {\"name\": \"profile\", \"object\": \"youngbaykay (youngtech412@gmail.com)\", \"fields\": [\"Avatar\"]}}]"}}, {"model": "admin.logentry", "pk": 46, "fields": {"action_time": "2020-02-15T00:47:32.725Z", "user": 1, "content_type": 8, "object_id": "4", "object_repr": "youngbaykay How can I fix network issue in Ubuntu 18.0.4", "action_flag": 1, "change_message": "[{\"added\": {}}]"}}, {"model": "admin.logentry", "pk": 47, "fields": {"action_time": "2020-02-15T00:58:11.307Z", "user": 1, "content_type": 8, "object_id": "4", "object_repr": "youngbaykay How can I fix network issue in Ubuntu 18.0.4", "action_flag": 2, "change_message": "[{\"changed\": {\"fields\": [\"Body\", \"Summary\"]}}]"}}, {"model": "admin.logentry", "pk": 48, "fields": {"action_time": "2020-02-15T11:49:38.030Z", "user": 1, "content_type": 6, "object_id": "1", "object_repr": "youngbaykay - youngtech412@gmail.com", "action_flag": 2, "change_message": "[{\"changed\": {\"name\": \"profile\", \"object\": \"youngbaykay (youngtech412@gmail.com)\", \"fields\": [\"Bio\"]}}]"}}, {"model": "admin.logentry", "pk": 49, "fields": {"action_time": "2020-02-15T12:51:04.600Z", "user": 1, "content_type": 6, "object_id": "1", "object_repr": "youngbaykay - youngtech412@gmail.com", "action_flag": 2, "change_message": "[{\"changed\": {\"name\": \"profile\", \"object\": \"youngbaykay (youngtech412@gmail.com)\", \"fields\": [\"Profession\"]}}]"}}, {"model": "admin.logentry", "pk": 50, "fields": {"action_time": "2020-02-15T12:51:28.748Z", "user": 1, "content_type": 6, "object_id": "1", "object_repr": "youngbaykay - youngtech412@gmail.com", "action_flag": 2, "change_message": "[{\"changed\": {\"name\": \"profile\", \"object\": \"youngbaykay (youngtech412@gmail.com)\", \"fields\": [\"Profession\"]}}]"}}, {"model": "admin.logentry", "pk": 51, "fields": {"action_time": "2020-02-15T12:52:10.377Z", "user": 1, "content_type": 6, "object_id": "1", "object_repr": "youngbaykay - youngtech412@gmail.com", "action_flag": 2, "change_message": "[{\"changed\": {\"name\": \"profile\", \"object\": \"youngbaykay (youngtech412@gmail.com)\", \"fields\": [\"Location\"]}}]"}}, {"model": "admin.logentry", "pk": 52, "fields": {"action_time": "2020-02-15T19:35:33.027Z", "user": 18, "content_type": 6, "object_id": "18", "object_repr": "admin01 - admin@gmail.com", "action_flag": 2, "change_message": "[{\"changed\": {\"name\": \"profile\", \"object\": \"admin01 (admin@gmail.com)\", \"fields\": [\"Bio\"]}}]"}}, {"model": "admin.logentry", "pk": 53, "fields": {"action_time": "2020-02-15T19:44:13.066Z", "user": 18, "content_type": 6, "object_id": "18", "object_repr": "admin01 - admin@gmail.com", "action_flag": 2, "change_message": "[{\"changed\": {\"name\": \"profile\", \"object\": \"admin01 (admin@gmail.com)\", \"fields\": [\"Bio\"]}}]"}}, {"model": "admin.logentry", "pk": 54, "fields": {"action_time": "2020-02-15T19:55:45.158Z", "user": 18, "content_type": 6, "object_id": "18", "object_repr": "admin01 - admin@gmail.com", "action_flag": 2, "change_message": "[{\"changed\": {\"name\": \"profile\", \"object\": \"admin01 (admin@gmail.com)\", \"fields\": [\"Bio\"]}}]"}}, {"model": "admin.logentry", "pk": 55, "fields": {"action_time": "2020-02-15T19:57:31.413Z", "user": 18, "content_type": 6, "object_id": "18", "object_repr": "admin01 - admin@gmail.com", "action_flag": 2, "change_message": "[{\"changed\": {\"name\": \"profile\", \"object\": \"admin01 (admin@gmail.com)\", \"fields\": [\"Profession\", \"Location\"]}}]"}}, {"model": "admin.logentry", "pk": 56, "fields": {"action_time": "2020-02-15T20:10:03.280Z", "user": 18, "content_type": 6, "object_id": "18", "object_repr": "admin01 - admin@gmail.com", "action_flag": 2, "change_message": "[{\"changed\": {\"name\": \"profile\", \"object\": \"admin01 (admin@gmail.com)\", \"fields\": [\"Country\", \"City\"]}}]"}}, {"model": "admin.logentry", "pk": 57, "fields": {"action_time": "2020-02-16T12:54:09.819Z", "user": 18, "content_type": 8, "object_id": "5", "object_repr": "Baykay412 beginners guild to django web development", "action_flag": 1, "change_message": "[{\"added\": {}}]"}}, {"model": "admin.logentry", "pk": 58, "fields": {"action_time": "2020-02-17T19:48:13.921Z", "user": 1, "content_type": 8, "object_id": "6", "object_repr": "youngbaykay get ready for summer", "action_flag": 3, "change_message": ""}}, {"model": "admin.logentry", "pk": 59, "fields": {"action_time": "2020-02-17T19:56:50.876Z", "user": 1, "content_type": 8, "object_id": "7", "object_repr": "youngbaykay get ready for summer", "action_flag": 2, "change_message": "[{\"changed\": {\"fields\": [\"Slug\"]}}]"}}, {"model": "admin.logentry", "pk": 60, "fields": {"action_time": "2020-02-17T19:57:33.033Z", "user": 1, "content_type": 8, "object_id": "7", "object_repr": "youngbaykay get ready for summer", "action_flag": 2, "change_message": "[{\"changed\": {\"fields\": [\"Cover\"]}}]"}}, {"model": "admin.logentry", "pk": 61, "fields": {"action_time": "2020-02-17T21:08:32.194Z", "user": 1, "content_type": 8, "object_id": "8", "object_repr": "youngbaykay we are here", "action_flag": 2, "change_message": "[{\"changed\": {\"fields\": [\"Cover\"]}}]"}}, {"model": "admin.logentry", "pk": 62, "fields": {"action_time": "2020-02-17T22:05:47.036Z", "user": 1, "content_type": 8, "object_id": "9", "object_repr": "youngbaykay Lorem ipsum dolor sit amet, consectetur adipisicing elit.", "action_flag": 2, "change_message": "[{\"changed\": {\"fields\": [\"Cover\", \"Slug\"]}}]"}}, {"model": "admin.logentry", "pk": 63, "fields": {"action_time": "2020-02-18T12:39:25.223Z", "user": 18, "content_type": 8, "object_id": "13", "object_repr": "Baykay412 Aliquid amet beatae commodi", "action_flag": 2, "change_message": "[{\"changed\": {\"fields\": [\"Author\"]}}]"}}, {"model": "admin.logentry", "pk": 64, "fields": {"action_time": "2020-02-18T12:39:41.206Z", "user": 18, "content_type": 8, "object_id": "8", "object_repr": "Baykay412 we are here", "action_flag": 2, "change_message": "[{\"changed\": {\"fields\": [\"Author\"]}}]"}}, {"model": "admin.logentry", "pk": 65, "fields": {"action_time": "2020-02-18T12:39:59.484Z", "user": 18, "content_type": 8, "object_id": "10", "object_repr": "Baykay412 wired cable after installing package.", "action_flag": 2, "change_message": "[{\"changed\": {\"fields\": [\"Author\"]}}]"}}, {"model": "admin.logentry", "pk": 66, "fields": {"action_time": "2020-02-18T12:40:32.677Z", "user": 18, "content_type": 6, "object_id": "20", "object_repr": "i4de5pz65877.com - i4de5p5454@jmail7.com", "action_flag": 3, "change_message": ""}}, {"model": "admin.logentry", "pk": 67, "fields": {"action_time": "2020-02-18T12:40:32.835Z", "user": 18, "content_type": 6, "object_id": "19", "object_repr": "i4de5pz7.com - i4de5pz@jmail7.com", "action_flag": 3, "change_message": ""}}, {"model": "admin.logentry", "pk": 68, "fields": {"action_time": "2020-02-18T12:41:13.513Z", "user": 18, "content_type": 6, "object_id": "17", "object_repr": "Baykay412 - baykay@gmail.com", "action_flag": 2, "change_message": "[{\"changed\": {\"fields\": [\"Staff status\"]}}]"}}, {"model": "admin.logentry", "pk": 69, "fields": {"action_time": "2020-02-18T13:16:58.987Z", "user": 1, "content_type": 8, "object_id": "17", "object_repr": "baykayyoung Dolorem est in odio. Aliquid amet beatae commodi.", "action_flag": 2, "change_message": "[{\"changed\": {\"fields\": [\"Slug\"]}}]"}}, {"model": "admin.logentry", "pk": 70, "fields": {"action_time": "2020-02-18T13:17:49.739Z", "user": 1, "content_type": 8, "object_id": "16", "object_repr": "baykayyoung Dolorem est in odio saepe. Aliquid amet beatae commodi con", "action_flag": 2, "change_message": "[{\"changed\": {\"fields\": [\"Slug\"]}}]"}}, {"model": "admin.logentry", "pk": 71, "fields": {"action_time": "2020-02-18T13:18:11.602Z", "user": 1, "content_type": 8, "object_id": "16", "object_repr": "baykayyoung Aliquid amet beatae commodi con", "action_flag": 2, "change_message": "[{\"changed\": {\"fields\": [\"Title\"]}}]"}}, {"model": "admin.logentry", "pk": 72, "fields": {"action_time": "2020-02-18T13:43:30.228Z", "user": 1, "content_type": 6, "object_id": "21", "object_repr": "baykayyoung - youngbaykay@outlook.com", "action_flag": 2, "change_message": "[{\"changed\": {\"fields\": [\"First name\", \"Last name\"]}}]"}}, {"model": "admin.logentry", "pk": 73, "fields": {"action_time": "2020-02-18T13:45:01.270Z", "user": 1, "content_type": 6, "object_id": "18", "object_repr": "admin01 - admin@gmail.com", "action_flag": 2, "change_message": "[{\"changed\": {\"name\": \"profile\", \"object\": \"admin01 (admin@gmail.com)\", \"fields\": [\"Avatar\"]}}]"}}, {"model": "admin.logentry", "pk": 74, "fields": {"action_time": "2020-02-18T13:55:05.116Z", "user": 1, "content_type": 6, "object_id": "21", "object_repr": "baykayyoung - youngbaykay@outlook.com", "action_flag": 2, "change_message": "[{\"changed\": {\"name\": \"profile\", \"object\": \"baykayyoung (youngbaykay@outlook.com)\", \"fields\": [\"Avatar\"]}}]"}}, {"model": "admin.logentry", "pk": 75, "fields": {"action_time": "2020-02-18T13:57:14.754Z", "user": 1, "content_type": 6, "object_id": "18", "object_repr": "admin01 - admin@gmail.com", "action_flag": 2, "change_message": "[{\"changed\": {\"name\": \"profile\", \"object\": \"admin01 (admin@gmail.com)\", \"fields\": [\"Avatar\"]}}]"}}, {"model": "admin.logentry", "pk": 76, "fields": {"action_time": "2020-02-18T13:57:37.530Z", "user": 1, "content_type": 6, "object_id": "17", "object_repr": "Baykay412 - baykay@gmail.com", "action_flag": 2, "change_message": "[{\"changed\": {\"name\": \"profile\", \"object\": \"Baykay412 (baykay@gmail.com)\", \"fields\": [\"Avatar\"]}}]"}}, {"model": "admin.logentry", "pk": 77, "fields": {"action_time": "2020-02-18T13:58:31.620Z", "user": 1, "content_type": 6, "object_id": "1", "object_repr": "youngbaykay - youngtech412@gmail.com", "action_flag": 2, "change_message": "[{\"changed\": {\"name\": \"profile\", \"object\": \"youngbaykay (youngtech412@gmail.com)\", \"fields\": [\"Avatar\"]}}]"}}, {"model": "admin.logentry", "pk": 78, "fields": {"action_time": "2020-02-18T14:01:46.313Z", "user": 1, "content_type": 6, "object_id": "21", "object_repr": "baykayyoung - youngbaykay@outlook.com", "action_flag": 2, "change_message": "[{\"changed\": {\"name\": \"profile\", \"object\": \"baykayyoung (youngbaykay@outlook.com)\", \"fields\": [\"Avatar\"]}}]"}}, {"model": "admin.logentry", "pk": 79, "fields": {"action_time": "2020-02-18T14:02:27.780Z", "user": 1, "content_type": 6, "object_id": "17", "object_repr": "Baykay412 - baykay@gmail.com", "action_flag": 2, "change_message": "[{\"changed\": {\"name\": \"profile\", \"object\": \"Baykay412 (baykay@gmail.com)\", \"fields\": [\"Avatar\"]}}]"}}, {"model": "admin.logentry", "pk": 80, "fields": {"action_time": "2020-02-18T14:02:55.506Z", "user": 1, "content_type": 6, "object_id": "18", "object_repr": "admin01 - admin@gmail.com", "action_flag": 2, "change_message": "[{\"changed\": {\"name\": \"profile\", \"object\": \"admin01 (admin@gmail.com)\", \"fields\": [\"Avatar\"]}}]"}}, {"model": "admin.logentry", "pk": 81, "fields": {"action_time": "2020-02-18T15:41:06.671Z", "user": 1, "content_type": 6, "object_id": "18", "object_repr": "admin01 - admin@gmail.com", "action_flag": 2, "change_message": "[{\"changed\": {\"name\": \"profile\", \"object\": \"admin01 (admin@gmail.com)\", \"fields\": [\"Avatar\"]}}]"}}, {"model": "admin.logentry", "pk": 82, "fields": {"action_time": "2020-02-18T15:42:29.064Z", "user": 1, "content_type": 6, "object_id": "18", "object_repr": "admin01 - admin@gmail.com", "action_flag": 2, "change_message": "[{\"changed\": {\"name\": \"profile\", \"object\": \"admin01 (admin@gmail.com)\", \"fields\": [\"Avatar\"]}}]"}}, {"model": "admin.logentry", "pk": 83, "fields": {"action_time": "2020-02-18T15:43:28.709Z", "user": 1, "content_type": 6, "object_id": "18", "object_repr": "admin01 - admin@gmail.com", "action_flag": 2, "change_message": "[{\"changed\": {\"name\": \"profile\", \"object\": \"admin01 (admin@gmail.com)\", \"fields\": [\"Avatar\"]}}]"}}, {"model": "admin.logentry", "pk": 84, "fields": {"action_time": "2020-03-02T00:11:47.102Z", "user": 1, "content_type": 10, "object_id": "1", "object_repr": "youngbaykay - youngtech412@gmail.com", "action_flag": 1, "change_message": "[{\"added\": {}}]"}}, {"model": "admin.logentry", "pk": 85, "fields": {"action_time": "2020-03-02T00:13:40.382Z", "user": 1, "content_type": 10, "object_id": "2", "object_repr": "youngbaykay - youngtech412@gmail.com", "action_flag": 1, "change_message": "[{\"added\": {}}]"}}, {"model": "admin.logentry", "pk": 86, "fields": {"action_time": "2020-03-02T00:13:52.684Z", "user": 1, "content_type": 10, "object_id": "2", "object_repr": "youngbaykay - youngtech412@gmail.com", "action_flag": 2, "change_message": "[{\"changed\": {\"fields\": [\"Parent\"]}}]"}}, {"model": "admin.logentry", "pk": 87, "fields": {"action_time": "2020-03-02T00:16:32.587Z", "user": 1, "content_type": 10, "object_id": "2", "object_repr": "youngbaykay - youngtech412@gmail.com", "action_flag": 2, "change_message": "[{\"changed\": {\"fields\": [\"Active\"]}}]"}}, {"model": "admin.logentry", "pk": 88, "fields": {"action_time": "2020-03-02T00:16:38.739Z", "user": 1, "content_type": 10, "object_id": "3", "object_repr": "youngbaykay - youngtech412@gmail.com", "action_flag": 2, "change_message": "[{\"changed\": {\"fields\": [\"Active\"]}}]"}}, {"model": "admin.logentry", "pk": 89, "fields": {"action_time": "2020-03-02T00:16:44.588Z", "user": 1, "content_type": 10, "object_id": "1", "object_repr": "youngbaykay - youngtech412@gmail.com", "action_flag": 2, "change_message": "[{\"changed\": {\"fields\": [\"Active\"]}}]"}}, {"model": "admin.logentry", "pk": 90, "fields": {"action_time": "2020-03-02T00:29:50.944Z", "user": 1, "content_type": 10, "object_id": "7", "object_repr": "baykayyoung - youngbaykay@outlook.com", "action_flag": 2, "change_message": "[{\"changed\": {\"fields\": [\"Active\"]}}]"}}, {"model": "admin.logentry", "pk": 91, "fields": {"action_time": "2020-03-02T00:29:56.749Z", "user": 1, "content_type": 10, "object_id": "6", "object_repr": "i4de5pz - i4de5pz@jmail7.com", "action_flag": 2, "change_message": "[{\"changed\": {\"fields\": [\"Active\"]}}]"}}, {"model": "admin.logentry", "pk": 92, "fields": {"action_time": "2020-03-02T00:30:05.511Z", "user": 1, "content_type": 10, "object_id": "5", "object_repr": "youngbaykay - youngtech412@gmail.com", "action_flag": 2, "change_message": "[{\"changed\": {\"fields\": [\"Active\"]}}]"}}, {"model": "admin.logentry", "pk": 93, "fields": {"action_time": "2020-03-02T00:30:11.910Z", "user": 1, "content_type": 10, "object_id": "4", "object_repr": "Baykay412 - baykay@gmail.com", "action_flag": 2, "change_message": "[{\"changed\": {\"fields\": [\"Active\"]}}]"}}, {"model": "admin.logentry", "pk": 94, "fields": {"action_time": "2020-03-02T00:31:26.603Z", "user": 1, "content_type": 6, "object_id": "24", "object_repr": "i4de5pz - i4de5pz@jmail7.com", "action_flag": 2, "change_message": "[{\"changed\": {\"name\": \"profile\", \"object\": \"i4de5pz (i4de5pz@jmail7.com)\", \"fields\": [\"Avatar\"]}}]"}}, {"model": "admin.logentry", "pk": 95, "fields": {"action_time": "2020-03-02T11:46:40.335Z", "user": 1, "content_type": 10, "object_id": "8", "object_repr": "youngbaykay - youngtech412@gmail.com", "action_flag": 2, "change_message": "[{\"changed\": {\"fields\": [\"Active\"]}}]"}}, {"model": "admin.logentry", "pk": 96, "fields": {"action_time": "2020-03-02T11:50:22.292Z", "user": 1, "content_type": 10, "object_id": "10", "object_repr": "youngbaykay - youngtech412@gmail.com", "action_flag": 2, "change_message": "[{\"changed\": {\"fields\": [\"Active\"]}}]"}}, {"model": "admin.logentry", "pk": 97, "fields": {"action_time": "2020-03-04T11:41:06.002Z", "user": 1, "content_type": 10, "object_id": "10", "object_repr": "youngbaykay - youngtech412@gmail.com", "action_flag": 2, "change_message": "[{\"changed\": {\"fields\": [\"Comment\"]}}]"}}, {"model": "admin.logentry", "pk": 98, "fields": {"action_time": "2020-03-04T11:57:04.382Z", "user": 1, "content_type": 10, "object_id": "12", "object_repr": "youngbaykay - youngtech412@gmail.com", "action_flag": 2, "change_message": "[{\"changed\": {\"fields\": [\"Active\"]}}]"}}, {"model": "admin.logentry", "pk": 99, "fields": {"action_time": "2020-03-04T11:57:10.462Z", "user": 1, "content_type": 10, "object_id": "11", "object_repr": "youngbaykay - youngtech412@gmail.com", "action_flag": 2, "change_message": "[{\"changed\": {\"fields\": [\"Active\"]}}]"}}, {"model": "admin.logentry", "pk": 100, "fields": {"action_time": "2020-03-04T12:00:33.466Z", "user": 1, "content_type": 10, "object_id": "13", "object_repr": "youngbaykay - youngtech412@gmail.com", "action_flag": 2, "change_message": "[{\"changed\": {\"fields\": [\"Active\"]}}]"}}, {"model": "admin.logentry", "pk": 101, "fields": {"action_time": "2020-04-04T10:40:39.912Z", "user": 1, "content_type": 10, "object_id": "14", "object_repr": "youngbaykay - youngtech412@gmail.com", "action_flag": 2, "change_message": "[{\"changed\": {\"fields\": [\"Active\"]}}]"}}, {"model": "admin.logentry", "pk": 102, "fields": {"action_time": "2020-04-09T01:58:12.818Z", "user": 1, "content_type": 8, "object_id": "20", "object_repr": "youngbaykay Deserunt dictaabore magnam", "action_flag": 2, "change_message": "[{\"changed\": {\"fields\": [\"Slug\", \"Title\"]}}]"}}]